date,time,company,title,url
2026-02-13,09:34,不登校・精神発達障害・生活困窮,不登校・精神発達障害・生活困窮の支援を「仕組み」で動かす。20代でマネジャーへ！　株式会社キズキ採用説明会,https://prtimes.jp/main/html/rd/p/000000391.000041906.html
2026-02-13,09:34,株式会社シーアールエムコネクト、Mark,株式会社シーアールエムコネクト、Marketing Cloud Next 利用者向け会員サイト「Marketing Cloud Next Learning Community」を提供開始,https://prtimes.jp/main/html/rd/p/000000005.000174689.html
2026-02-13,09:34,Kudan、フォトリアル3Dデジタルツイ,Kudan、フォトリアル3Dデジタルツイン基盤のクラウド版「Kudan PRISM Cloud」をグローバル市場向けに正式提供開始,https://prtimes.jp/main/html/rd/p/000000061.000015483.html
2026-02-13,09:34,シェアNo.1,シェアNo.1のタレントマネジメントシステム「タレントパレット」、官公庁の人事業務の効率化、人事戦略の推進に向け「Talent Palette Government Edition」を提供開始,https://prtimes.jp/main/html/rd/p/000000289.000023180.html
2026-02-13,09:34,TD SYNNEX、法人向けに Goog,TD SYNNEX、法人向けに「Google Pixel 9a」取り扱い開始,https://prtimes.jp/main/html/rd/p/000000173.000034623.html
2026-02-13,09:34,SB C&S、 OCI相談センター を開,SB C&S、「OCI相談センター」を開設,https://prtimes.jp/main/html/rd/p/000000992.000022656.html
2026-02-13,01:17,Omi Japan、PHR実装を加速する,Omi Japan、PHR実装を加速する開発サービス「PHR-One(TM)」を提供開始　AIが生活習慣の改善を支援、フルスクラッチとOEMの2方式で導入ハードルを下げる,https://prtimes.jp/main/html/rd/p/000000033.000081998.html
2026-02-13,01:17,オフィス,オフィスが「１日限定のバー」に！福利厚生・社内交流を格上げする《出張バーテンダー》サービスを開始,https://prtimes.jp/main/html/rd/p/000000026.000071614.html
2026-02-13,01:17,弁理士開発SaaS,弁理士開発SaaSが連携開始。知財管理「root ipクラウド」×特許AIアシスタント「サマリア」で“知財の守りと攻め”を融合,https://prtimes.jp/main/html/rd/p/000000004.000166451.html
2026-02-13,01:17,LayerX,LayerXが開発するAi Workforce、法務領域に進出。300ページ超の長文・複雑な契約書に対応する「Ai Workforce 契約書ソリューション」を提供開始。,https://prtimes.jp/main/html/rd/p/000000583.000036528.html
2026-02-13,01:17,サブスククリエイト、Wix・STUDIO,サブスククリエイト、Wix・STUDIOに対応開始 ～2大ノーコードツールでのサイト制作・編集をスタンダードプラン内で提供～,https://prtimes.jp/main/html/rd/p/000000003.000161357.html
2026-02-13,01:17,AITalk(R)６声,AITalk(R)６声の職人、 NTTドコモビジネス（株）の音声ガイダンスに採用,https://prtimes.jp/main/html/rd/p/000000162.000099620.html
2026-02-12,09:38,先行予約開始 本日より アイススラリー冷,【先行予約開始】本日より「アイススラリー冷蔵庫」先行予約受付を開始,https://prtimes.jp/main/html/rd/p/000000004.000168064.html
2026-02-12,09:38,経営者,経営者の「孤独」を解消する、あなた専用のAI経営顧問「AI取締役」サービス提供開始,https://prtimes.jp/main/html/rd/p/000000004.000177794.html
2026-02-12,09:38,トレンダーズ、BPO事業を手掛ける株式会,トレンダーズ、BPO事業を手掛ける株式会社LiBと資本業務提携　ECコンサルティング事業において協業,https://prtimes.jp/main/html/rd/p/000000237.000056551.html
2026-02-12,09:38,『ブラウザ三国志 天』Windows/M,『ブラウザ三国志 天』Windows/Mac版を「DMM GAMES」にてサービス開始！,https://prtimes.jp/main/html/rd/p/000002204.000016719.html
2026-02-12,09:38,市・県民税申告（確定申告）期間,市・県民税申告（確定申告）期間の混雑緩和を目指す！　福島県会津若松市にデジタル整理券サービス「Q ticket」を提供開始,https://prtimes.jp/main/html/rd/p/000000419.000018933.html
2026-02-12,09:38,『劇場版 PSYCHO-PASS サイコ,『劇場版 PSYCHO-PASS サイコパス PROVIDENCE』×ウィスキーのコラボが登場！グランマルシェ株式会社２月１８日(水)より販売開始,https://prtimes.jp/main/html/rd/p/000000028.000144673.html
2026-02-12,09:38,オンラインセミナー『採用難店舗,オンラインセミナー『採用難店舗の突破口、自社経験者DBの効果と導入までの裏側』を開催,https://prtimes.jp/main/html/rd/p/000000465.000004558.html
2026-02-12,09:38,eスポーツチーム REJECT Iden,eスポーツチーム「REJECT」Identity V部門「2025夏季IJL」優勝記念グッズの受注販売を開始,https://prtimes.jp/main/html/rd/p/000000454.000050979.html
2026-02-12,09:38,韓国発,韓国発のモバイルデバイスメーカー「ALT」が日本上陸！「MIVEケースマ」を2月19日（木）より発売！,https://prtimes.jp/main/html/rd/p/000000001.000177449.html
2026-02-12,09:38,次世代決済プラットフォーム NESTA ,次世代決済プラットフォーム「NESTA」au/UQ mobile通信料金の決済処理に本格提供を開始,https://prtimes.jp/main/html/rd/p/000000141.000020989.html
2026-02-12,09:38,映像解析アプリ SmartScout 、,映像解析アプリ「SmartScout」、野球チームへの導入に向けミズノと業務提携,https://prtimes.jp/main/html/rd/p/000000007.000102487.html
2026-02-12,09:38,タムロン、未来を共創するパートナーを募る,タムロン、未来を共創するパートナーを募るべく、採用サイトを刷新～「人と自然の健康」を光で創る。2035年へ向けた変革を加速～,https://prtimes.jp/main/html/rd/p/000000245.000043231.html
2026-02-12,09:38,宿泊施設オーナー,"宿泊施設オーナーが共同でDAO運営する""多拠点×コミュニティ×経済圏""のWeb3.0プラットフォーム「オカエリハブ」と「DAO＋」の提供開始。月額３３,０００円で全国多拠点生活を希望する会員を募集開始",https://prtimes.jp/main/html/rd/p/000000002.000159958.html
2026-02-12,09:34,PayPay,PayPayがVisaと提携 新会社設立し、米国進出目指す - 朝日新聞,https://news.google.com/rss/articles/CBMiZ0FVX3lxTE5heTMzWGdZNC1kTlFCcXVTNGRNakRaUm1jb1lOTmc3WmlZdG5xMTY5Q1lQLW1JeFoxMDJXRmV4ZE5XZEZ5ZngwX192bXh4aGpucWpLaUpZVnc5UEZDOThIVFNwR2pmSzA?oc=5
2026-02-12,01:13,エクソソームによる変形性膝関節症へ,エクソソームによる変形性膝関節症への本邦初の特定臨床研究を開始,https://prtimes.jp/main/html/rd/p/000000007.000154315.html
2026-02-12,01:13,全国200店舗展開,全国200店舗展開のビューティーブランド「Lime」、国内外での事業拡大を加速アジア── No.1の美容企業を目指す方向性と、全国200店舗の施術者調査結果を公開。,https://prtimes.jp/main/html/rd/p/000000094.000025785.html
2026-02-12,01:13,津島みらいDXエデュラボ、DX研修サービ,津島みらいDXエデュラボ、DX研修サービスを提供開始,https://prtimes.jp/main/html/rd/p/000000001.000177789.html
2026-02-12,01:13,ホウ素中性子捕捉療法（BNCT）を開始,ホウ素中性子捕捉療法（BNCT）を開始,https://prtimes.jp/main/html/rd/p/000000006.000154315.html
2026-02-12,01:13,Smart-Carry/Carry-Li,「Smart-Carry/Carry-Link」3社提携にてレンタル開始！歩行負担を最大9割減、物流・製造現場を変える電動搬送/牽引ソリューション,https://prtimes.jp/main/html/rd/p/000000005.000157275.html
2026-02-12,01:13,CONOC、峰設計と協業し中小工事会社へ,CONOC、峰設計と協業し中小工事会社へのBIM導入を加速。建設業界の業務効率化を支援,https://prtimes.jp/main/html/rd/p/000000077.000012493.html
2026-02-12,01:13,『 再放送 BI導入を 諦めかけた 企業,『【再放送】BI導入を「諦めかけた」企業にこそ知ってほしい』というテーマのウェビナーを開催,https://prtimes.jp/main/html/rd/p/000004757.000054842.html
2026-02-12,01:13,Aivon Ltd.,Aivon Ltd.の極低温測定機器を日本市場へ正式提供開始 - 研究開発現場の精度・効率向上を支援！,https://prtimes.jp/main/html/rd/p/000000038.000097250.html
2026-02-12,01:13,アークランズ・カインズ共同配送を開始,アークランズ・カインズ共同配送を開始,https://prtimes.jp/main/html/rd/p/000000189.000082655.html
2026-02-11,09:42,働く・働きたい難病者 RDワーカー と職,働く・働きたい難病者「RDワーカー」と職場をつなぐサービス「RDコンパス」トライアル提供を開始！,https://prtimes.jp/main/html/rd/p/000000013.000140185.html
2026-02-11,09:42,海外旅行　ワンピース 水着 レディース ,海外旅行　ワンピース 水着 レディース 体型カバー 長袖シャツ ラッシュガード2026新作水着 　OEM 中国義烏専門水着縫製加工工場 直販　2月14日日より本格展開　バレンタイン,https://prtimes.jp/main/html/rd/p/000000145.000112458.html
2026-02-11,09:42,沖縄・今帰仁そば 伝統,【沖縄・今帰仁そば】伝統の「じゅーしー」が進化した新名物「今帰仁めし」2/13提供開始！4/25には待望の那覇進出、期間限定店舗のオープンも決定！,https://prtimes.jp/main/html/rd/p/000000021.000113401.html
2026-02-11,09:42,系統用蓄電所事業における(株)エネフォワ,系統用蓄電所事業における(株)エネフォワードとの業務提携のお知らせ,https://prtimes.jp/main/html/rd/p/000000015.000143399.html
2026-02-11,09:42,2/11より  中小企業診断士・行政書士,【2/11より】「中小企業診断士・行政書士 必見！補助金分野で専門性を発揮したい士業向けセミナー【無料公開】」の配信を開始します！【助成金なう】,https://prtimes.jp/main/html/rd/p/000002066.000080271.html
2026-02-11,01:21,建設DX  2026年2月10日 大型ダ,【建設DX】【2026年2月10日】大型ダンプマッチングサービス「Dumps（ダンプス）」 βテスト版をローンチしました。,https://prtimes.jp/main/html/rd/p/000000002.000177699.html
2026-02-11,01:21,うち,「うちの宿にロボットを導入したら、こう変わった！」～宿泊施設のリアルな導入事例と費用を解説するセミナーを開催します！～,https://prtimes.jp/main/html/rd/p/000006445.000052467.html
2026-02-11,01:21,SALWAYと鴻池メディカル、医療現場に,SALWAYと鴻池メディカル、医療現場における滅菌保証の質の向上に向けた情報連携を開始,https://prtimes.jp/main/html/rd/p/000000007.000152333.html
2026-02-11,01:21,ロードサイド飲食店業界初※デジタルサイネ,ロードサイド飲食店業界初※デジタルサイネージによる渋滞解決ソリューションを導入,https://prtimes.jp/main/html/rd/p/000000001.000177521.html
2026-02-11,01:21,M&A支援ノウハウをまとめた 事業承継『,M&A支援ノウハウをまとめた「事業承継『M&A』支援教材（上級編）」の動画配信を開始,https://prtimes.jp/main/html/rd/p/000001854.000021609.html
2026-02-11,01:21,士業,士業の専門性と価値を「人材シェア」で最大化する,https://prtimes.jp/main/html/rd/p/000000011.000153661.html
2026-02-11,01:21,参加募集中  2/18(水) 映画業界 ,【参加募集中】 2/18(水)「映画業界」攻略セミナー（VIPOアカデミー「業界研究ベーシックコース」単発受講）開催,https://prtimes.jp/main/html/rd/p/000000234.000103029.html
2026-02-10,09:51,他家iPS細胞由来角膜上皮細胞シート,「他家iPS細胞由来角膜上皮細胞シート」の治験開始に関するお知らせ,https://prtimes.jp/main/html/rd/p/000000001.000177741.html
2026-02-10,09:51,バックオフィス業務をAIで再構築する 実,バックオフィス業務をAIで再構築する「実践Claude研修プログラム」を開始ー株式会社コンダクト、次世代の経営管理・コーポレート人材を育成,https://prtimes.jp/main/html/rd/p/000000005.000149020.html
2026-02-10,09:51,スポーツ・子育て,スポーツ・子育てのあり方を、地域クラブ×家庭×社会で再構築する「BWクルー制度」2026年2月10日スタート,https://prtimes.jp/main/html/rd/p/000000001.000177730.html
2026-02-10,09:51,インドにて、GNFC社向け硝酸アンモニウ,インドにて、GNFC社向け硝酸アンモニウム-II（AN-II）溶融プラントを受注＜English follows＞,https://prtimes.jp/main/html/rd/p/000000222.000107878.html
2026-02-10,09:51,桜・椿・梅,桜・椿・梅が彩る花の都、京都で心ゆくまで花を愛でる「特別拝観」と光・音・香の演出による「夜桜アートライトアップイベント」を堪能！「そうだ 京都、行こう。」2026年春キャンペーンが2月10日（火）開始,https://prtimes.jp/main/html/rd/p/000000120.000026909.html
2026-02-10,09:51,VALOFE、新作戦車アクション『Arm,VALOFE、新作戦車アクション『Armored Frontline: Warzone』本日より全世界同時で正式サービス開始！,https://prtimes.jp/main/html/rd/p/000000121.000155525.html
2026-02-10,09:51,2040年に労働人口,2040年に労働人口が2割減に　日本M&Aセンター、「『8割経済問題』に向けた企業の成長戦略プロジェクト」発足発表会を開催,https://prtimes.jp/main/html/rd/p/000000563.000081927.html
2026-02-10,09:51,防御型AI資産運用システム ZERO を,防御型AI資産運用システム「ZERO」を提供開始,https://prtimes.jp/main/html/rd/p/000000006.000175097.html
2026-02-10,09:51,企業に第三,企業に第三の顧問を。ホリエモンAI学校がAI顧問サービスを提供開始、月額３万円から『ニンゲン』が企業のAI活用を支援。,https://prtimes.jp/main/html/rd/p/000000111.000142396.html
2026-02-10,09:51,BAK2025採択企業 トモイク×江ノ島,BAK2025採択企業 トモイク×江ノ島電鉄による AI子育てサービス『gotogoto（ごとごと）』の実証開始,https://prtimes.jp/main/html/rd/p/000000027.000108540.html
2026-02-10,09:51,RightTouch,RightTouchが提供する「QANT Web」、高精度な施策を効率的に出すための「AIアシスタント機能」を提供開始,https://prtimes.jp/main/html/rd/p/000000071.000098678.html
2026-02-10,09:51,クラウド工場管理システム MENTENA,クラウド工場管理システム「MENTENA」、設備保全計画を中長期で俯瞰する「長期保全計画」を提供開始,https://prtimes.jp/main/html/rd/p/000000050.000161767.html
2026-02-09,01:17,採用戦略連携健康経営 業種×地域,【採用戦略連携健康経営】業種×地域の健康経営優良法人認定 競合分析・採用強化支援の提供開始 - PR TIMES,https://news.google.com/rss/articles/CBMiakFVX3lxTFAxSTdaeTk1YU1hNlFWZkhfY3VQbjFmeFVFWHhGNHZlcGlRSTdEZTFQUUJwMjlTcGliTmphLXdEaTFzOFNkZjFMdDd4NVB1V1hQSjVFU2UtazNKUm5INktaS2dxOXI0b2lRTkE?oc=5
2026-02-04,01:17,K2 Pictures オフィス移転、新,K2 Pictures オフィス移転、新会社設立のお知らせ - エンタメラッシュ,https://news.google.com/rss/articles/CBMiQ0FVX3lxTE5JLTk0Q0VnVjVkMnZaTjJ5OGxtUXdXQjN2RnlJRlFiT2doX3hwRm5TRUMtV296QnlKLVBXN1dXT0EwTnPSAUhBVV95cUxQVXA4VDFxR3ZLUmhndzBHdURCZnFKTHZsdi0tbE5DNUNjczVDOVdRYUZEazZpRmtZVlB2YVRlMVFXZ0ZtTHd3NjE?oc=5
2026-01-29,09:34,スパイアソリューション株式会社、 新規事,スパイアソリューション株式会社、「新規事業×ストック 立上げCXO」拡大に向け、全国のアウトバウンド営業パートナー（トスアップ／クロージング）を3社限定で募集開始 - newscast.jp,https://news.google.com/rss/articles/CBMiR0FVX3lxTE5kYUJ1c2djT3RiaFFIa0QzRHVCTVBkTTV6WV94dGk3YkkxWG96V19JQVYxMmZTOExlTnNCLXVsOVZHZ3ZwaF9N?oc=5
2026-01-29,01:17,スパイアソリューション株式会社、 新規事,スパイアソリューション株式会社、「新規事業×ストック 立上げCXO」拡大に向け、全国のアウトバウンド営業パートナー（トスアップ／クロージング）を3社限定で募集開始 - アットプレス,https://news.google.com/rss/articles/CBMiT0FVX3lxTE5xaEFsRzIzTFNZWUVrZnhsME9UUVBCSE84NjFiU0Z4Sl9SUzZDVTlIS0VlZnBucjFyWlUtRF9BcGlEUl9rYkliWVFLR0JUZU0?oc=5
2026-01-28,09:51,山梨県内企業,山梨県内企業の採用力強化へ！「０(ゼロ)から始める採用広報セミナー」のご案内 - PR TIMES,https://news.google.com/rss/articles/CBMiakFVX3lxTFBNekNDdVZrZGl6YXFzOUxfME9EZk1Ndnk1N1gwYWhTVXluUUZKNWtJZ01oRlJCREZKbWROUTBOblJvUmRDbFRnQjkySWhTWGN2NXdBbV9JenZuUUNneC1rUnRHT3FNYWVfVnc?oc=5
2026-01-28,01:17,NTTデータG社長,NTTデータG社長が語ったOpenAI提携と米・新会社設立の狙い。世界進出で打ち出す日本の強みの正体 - Business Insider Japan,https://news.google.com/rss/articles/CBMifEFVX3lxTE5IZERqUV83bGdOWDVuRGdlU3dxUjVnaEUwQXAtQzcxb0YwVEJTdjM5N21SaVBEM2praW5OSkh6ZFVMS0ZzWFpwcmRxbnhKMnBHdWd1X1UzTXJ2czJiZWRwY3NtOG04Sm0ydVJCOVl1NmxEaXhFUUtpd2tBOVg?oc=5
2026-01-21,01:17,佐賀,佐賀のSDCソリューションズ、県内大学で人材育成・採用強化 - 日本経済新聞,https://news.google.com/rss/articles/CBMipgFBVV95cUxOSTluZi12RnVvZ2xneGZ4ZFBVckJMMUo0eEIwdFdXNWxJWGViZmVwZjFObW1IalZ0UmRsdGI4NERnclJGVmJVRF84WElKTW5tMUtKOTV1UW1nU3EyVDBTRFhXWjd5bjVlQmhJSURZMEJBOGtmcUF4d0NrNjlOdUpsYVU5T1NXSVlTMURXWFdHWG5OUWNTM2F5SmhMejBkSGhncXZ0SzFB?oc=5
2026-01-20,09:34,ヌーラボ、次,ヌーラボ、次の20年を創る新規事業プログラム 『Nu Source』 第三期募集開始 - 西日本新聞me,https://news.google.com/rss/articles/CBMiVkFVX3lxTE9NNmRUSXBFbWZQWWxqU1YtNFljLVk2Q25kVTExdmc0WXp6WjhCU0hXWkFCUWZRTjdpSEJqWFNHdFcydHV2WDJ1Nzc5R0ctZnhMWW9Mc1pB?oc=5
2026-01-07,09:34,"""sonar Connecter""開発","""sonar Connecter""開発の裏側 ～前編～ 【 採用難時代 】企業が挑む人材配置の最適化を支える - PR TIMES",https://news.google.com/rss/articles/CBMiVkFVX3lxTE93dUN6akZRRG9WS2JOcWhXT3ZCTTJXMjNGQWpNSUlyY2czRVBzdk8xcHRvXzZGWnp3c2liYzJrQi1KTTJsSGs0MGtlU2NveWUzN05WTnZn?oc=5
2026-01-07,09:34,新規事業,新規事業の“あるある”をスゴロクで疑似体験。社内起業家の離脱を防ぎ、ビジコン完遂率を高める「スゴロQuest」本日より本格提供開始 - PR TIMES,https://news.google.com/rss/articles/CBMiakFVX3lxTE9Vb0dzczFQNUI1djlUYmZZaDcxV3FFZjFsN29pQUxvQnJmLUxXSHRySUQ4endCUlBRaktONy1NX1lKeUpPYmpxcWVrNFNTNzhERkRjTTlmVEMyZnhFczVYNmhTQ2dsMExhYWc?oc=5
2025-12-22,09:34,大和証G社長、M&A収益目標を1000億,大和証G社長、M&A収益目標を1000億円に引き上げへ－採用強化も再開 - Bloomberg.com,https://news.google.com/rss/articles/CBMid0FVX3lxTE5TSDhyVlNQZ1Y5Y2lSSTRhdnh3Zy1Iam84dW1JUXhmTl9HWC1BbnAzUVBCWmJONFhIa0p6eDVsT3hGS2MzVk9qRVFRdkp4eVVhTDZNWkVMZVZVOUd2cDRFcW9TWUF5VFZSZ0NyTHdtb1pDRmtwMnhn?oc=5
2025-12-18,09:34,旅行アプリ『NEWT（ニュート）』、新規,旅行アプリ『NEWT（ニュート）』、新規事業として 学生向け「春期海外研修プログラム」の提供を開始 - newscast.jp,https://news.google.com/rss/articles/CBMiR0FVX3lxTE5fbjFqcHl4QVdZbkNYbFhEZERUX2U2WDV1eFNWdXFza0R6cXJkZWVRRUN5aW1XbHU3NHg3S1ZtWF9zQnMyVkg0?oc=5
2025-12-17,09:51,Sun*、新規事業開発で検証すべき論点を,Sun*、新規事業開発で検証すべき論点を見える化するAIパートナー「Ailla（アイラ）」のβ版を提供開始 - PR TIMES,https://news.google.com/rss/articles/CBMiakFVX3lxTE5Lc1NWakdab21Qdm5wRWFCTmdWQjJ3QmF4QXhmb1FOeEVWT2VRZU80djRXYzFudmk0TWtFN3JBQkQ5TzFVZVFNV2dncExqV2tNNk4yb29iLWtpOXFQdC16dzQ5YnJkazU1YlE?oc=5
2025-12-17,09:34,CINCA 新会社 ピタっと採用株式会社,【CINCA】新会社「ピタっと採用株式会社」の設立に関するお知らせ - PR TIMES,https://news.google.com/rss/articles/CBMiakFVX3lxTE5OdXdQWWdoZXFEOGNwQXdtN2RBaEctVmhkaUJ6eDNYN25PV0NxSkRsMUVIVjlMaEtJNkxOYVlwODZfUkpLMEtNMmpyYXRmUnVEejFqRlJ6VEV1MEhGeWI3ODBVTGxlWXR2OUE?oc=5
2025-12-17,09:34,新規事業企画をAIエージェントで評価する,新規事業企画をAIエージェントで評価するサービス、フォーティエンスコンサルティングが開始 - デジタルクロス,https://news.google.com/rss/articles/CBMiX0FVX3lxTE9TNDYwNTJoaE96Qi12a2U4c29HaXFBb3laejFjd3cxMV9SbHRiRmVRM2g3Z2FUUDExWVBjdE1BdU1WTm5wQmhqdjliTVFsVGtTRUpBS19zendxckFaYnEw?oc=5
2025-12-12,09:34,01Booster、新規事業を推進する企,01Booster、新規事業を推進する企業を人材面から支援する「01Innovators Bank」を提供開始 - PR TIMES,https://news.google.com/rss/articles/CBMiakFVX3lxTE15ZnMwMEtrY1pZT181NVJWRWtGRXdNTGpyb2pkUEI1NEx5SkNjdHJHYVFMOG52N3hkWHBYRG54SFJXVGMteEZ6YVdIckVlVVd1UGZqeXAxeGhlMU40cXM1N2hNbGM3V2gzVlE?oc=5
2025-12-10,09:34,フォーティエンスコンサルティング、 AI,フォーティエンスコンサルティング、「AIエージェントによる新規事業企画評価サービス」の提供を開始 - PR TIMES,https://news.google.com/rss/articles/CBMiakFVX3lxTE9XNUhFODk4ZG13VHp6dDdVeENFZWRtWmFNbGpIWWFkaXkzb1d3QnhUeFJrN194RktOdXRlTWJrSGpnRk1LYWF6cFBSNUFpQWdBNFFyY3NpVTY3Rzg2MjZ3dUdPc1R1VEU1OHc?oc=5
2025-12-04,09:34,補助金Flash、『中小企業新事業進出補,補助金Flash、『中小企業新事業進出補助金』（第2回公募）に対応した計画書生成AIを提供開始 - PR TIMES,https://news.google.com/rss/articles/CBMiakFVX3lxTE16eHFZSk5BUGpjb1FTVTY1LVU5UnJOeWMzTktFdUw0TmthTmdYcG5xRGVMMGQ0c25heGpoUTV6WWIwMGt3a1NFZjVzODZSWUpNeWJyeE9FVEd1MkNVNU9vVWVTTHRjWHNnOUE?oc=5
2025-11-27,09:34,ローカル共創イニシアティブ 発,「ローカル共創イニシアティブ」発の新規事業案件 ～中山間地域・離島の住民および中小企業従業員向けの健康相談窓口の実証実験開始～ | 日本郵便株式会社のプレスリリース - PR TIMES,https://news.google.com/rss/articles/CBMiakFVX3lxTFBaNG5BTEZxY3lIUG5CMG93cVBnTmJsVTJlSUs3UlU1b2xVWDJLTGRpdXRNSm5HV0dHR1puTFcxUktKQzZveDJDMjg5Y1JyazVwODhtN2dHYlpnRkU3MWFkX2tNaW1HQ2JRQ0E?oc=5
2025-11-25,09:34,採用強化とエンゲージメント向上に効くBt,採用強化とエンゲージメント向上に効くBtoB企業向けCM戦略 - PR TIMES,https://news.google.com/rss/articles/CBMiakFVX3lxTFB1V05fRC04WTdXWlJEclQtR25KV0hkWWhBenJ5NzJrMTlGSjI1cTREcWhqTXlvVTFaVEpVdFktTXZrMnVCa1JiY1JGWDFQWkozS1VEMVV2SUNqN0lhSHpJT0Y3aDlIaXdaaGc?oc=5
2025-11-20,09:51,おいしいを大切にしてきた創業124年,おいしいを大切にしてきた創業124年の新宿中村屋が届ける新規事業法人向けオフィス常設型の社食サービス「Office Stand By You」～2025年11月本格提供開始～ - PR TIMES,https://news.google.com/rss/articles/CBMiakFVX3lxTE9fZS00LVUxMFZrZE92N1RWMGxhXzNxNnFMZHlDcGE4eXJBdm0wU19Dd0c4RVdQSUxJXzlyOXFIekRiLWhHLUNRbHlBMlJ6TkduSjVYaXpvMXF0cjdZNEc2UEdqZ05rZC1KUWc?oc=5
2025-11-20,09:34,愛知県信用保証協会 × eiicon  ,【 愛知県信用保証協会 × eiicon 】県内企業3社が新規事業を目指し全国から共創パートナー企業募集を開始！ オープンイノベーションプログラム 第2回『TOPPA（トッパ）』 - PR TIMES,https://news.google.com/rss/articles/CBMiakFVX3lxTE5LMkZ5akZLV2FYbnVKZFNoVm5lTXVrdzZ5M1Z3RUVHNmRITk9TdG4xOGExeG1lVUU0VUdWQ1QtVnkzZ29vMWNpbWVpQ0h5UHIwQkZDS09vRTFLVmNMNC1SUjQxSXdFWFU5cXc?oc=5
2025-11-19,09:34,音声AIエージェント,音声AIエージェントのZEALS オフライン接客まで行う新事業開始 - 月刊「事業構想」オンライン,https://news.google.com/rss/articles/CBMihgFBVV95cUxOU2pOS0FZbi1aMDVQa2d6aWR1bzVhcVBVdGRLTUt5eUk5MlUyZEpYb2xpUE80aXhNQnNsdmd3RTBtUFAtMWM1X0ZQaWhNX0VvZ0JWWk15dnNRRC03Y3dzbm1KdnFUN1dxVEc3SDZIVDJXc1A2VzdVMkdGeGxnUFlKU0w1bHo4Zw?oc=5
2025-11-17,09:34,企業価値向上で人材採用強化 大阪府連携,企業価値向上で人材採用強化 大阪府連携のコミュニティ形成 - リフォーム産業新聞,https://news.google.com/rss/articles/CBMiZkFVX3lxTE1QUk41T3F3N2V2UVQzS0JreGxvN2tORDM2cEVTS3VjUDVCTUd3amxDazlQOXQwdWZpZHR0WU9tZ0hVdkVGNlBWNFE0LVI5UzNyUUpEa1hXTU5oOUhLNlVZbkJTOFlydw?oc=5
2025-11-14,09:34,参加企業募集 製造業,【参加企業募集】製造業の新規事業人材を育成する「KAP Camp」を開始 - PR TIMES,https://news.google.com/rss/articles/CBMiakFVX3lxTE1zdUxmbHloOU50dngyZmx2VlAwMDBONkh3Ymg0YjVxLXQydHp4MVZZekptSXpDbU9RaHRKZEtuX2xISkVMNHhyMjFPOHZqX0p6Y2dVR1NEVnhwcjlVVDA3TnJpQnZJUFV3NFE?oc=5
2025-11-11,09:34,中小企業新事業進出補助金 第2回公募,「中小企業新事業進出補助金」第2回公募の申請受付が開始 - sogyotecho.jp,https://news.google.com/rss/articles/CBMiWkFVX3lxTFAxekx0Snc0R05jUEdFMVZfZ2N3WExZN1d3emdtR1gxQy1CaUxDanBtWGtkR2tReHBqVTVQNjkxNl9hLXNyMVdoQk9xdnNsQmlsaGRlejBzWjRSdw?oc=5
2025-11-11,09:34,（株）emome、新規事業開発、大阪拠点,（株）emome、新規事業開発、大阪拠点立ち上げメンバー募集を開始－「高齢者の生活と産業を豊かにする」ことを目指すスタートアップ | 株式会社EEFULホールディングスのプレスリリース - PR TIMES,https://news.google.com/rss/articles/CBMiakFVX3lxTE04b3kwT0Mtdjh0YjJUNXlGeUpwTFlSQV81dXU2dldteE5Ta21WY19lWEFXZDlGOVhTQVRXakpzYXp3NTg5V0g3bEhyM25zTWo4OUUxRlY0eFVGVWMxNE9sV0pOYWRFeDBQS3c?oc=5
2025-11-07,09:34,新規事業提案制度から創立されたMAST,新規事業提案制度から創立されたMASTが業界初のスポット航空貨物向け中立取引プラットフォームサービスを提供開始 - mol.co.jp,https://news.google.com/rss/articles/CBMiXkFVX3lxTE5wT3dSRmJTWkpfMDVJeDhNY0xHeUNHMmU1N2YwTjJuYUpjNVdLU3lIcnNDQjNIak9JS2dIZ0QwbFN6dE5nSWFfQURVMGx2dXZlQjJWQTN4RHlPX3YyQWc?oc=5
2025-10-31,09:34,[令和7年度新規事業！]千葉市中小企業者,[令和7年度新規事業！]千葉市中小企業者採用活動支援補助金 - city.chiba.jp,https://news.google.com/rss/articles/CBMiowFBVV95cUxPSVByRE8xZEVpejB0V2g5STdST2hYYWJKMXM0WkRaeUp2MVV4S2J3aFpHMWNJbUhNMlpQdWwtZ08yRFFFOXZ1YW45endkNGFzN0N0ZC1acHVRc0RnRXNOSEI3Mk5TV1B1bXFOUG5LbVp3SkVNT3p0Ui1vRG1QUDdqWko4WjNJS3MxbVdlM1FwbktwVml3cldHRU5CeFR1emFaa1ZJ?oc=5
2025-10-31,01:13,間借り店舗で試せる新しいマーケティング,【間借り店舗で試せる新しいマーケティングの場】企業の商品開発や新規事業開発を支援する「シェアレストラン for Business」を本日より開始 - PR TIMES,https://news.google.com/rss/articles/CBMiakFVX3lxTE9NellEdWdrbWlNUWdXZ3d1Sk5BSGRjNEhDS2ZpekxzS01lXzdVS1MxMFdYUkxjUFFndkNLY1QyZFFTeWNTZUNUMUhtaDdrTUtuSFZ0V0l1b3ZZLU5FNnd3dVUxZGpGdEYwREE?oc=5
2025-10-28,01:21,起業や新規事業を目指す人を対象に成功事例,起業や新規事業を目指す人を対象に成功事例やノウハウを紹介 小千谷市で起業家の支援イベント《新潟》 - 日テレNEWS NNN,https://news.google.com/rss/articles/CBMiiAFBVV95cUxOT1ViWTIxUjlBalBxOEpCRXFBZXhaa2dTNklsUjZBT3oxMnRtdGdRQnRqeEFEOEtUZUd3OS1PRlZsN0x6dFBzcjBaaWNKSzVjYktveXFGV0hTT1pWcjRJLXFSOEQydkF5a2pnVHdXcThGOGlfVGJJQXRoYlF5TFNsV0pNTm9ta0dj?oc=5
2025-10-23,09:42,エプソンとジーズ,エプソンとジーズが共同でスタートアップ・大企業の新規事業担当を支援するアクセラレーションプログラム 「Epson Innovation Challenge 2026」参加者募集を開始 - PR TIMES,https://news.google.com/rss/articles/CBMiakFVX3lxTFBiRUlVbk1zU3VWWl83VnNFTDhvN0lDdXUzdFlYaWNtQlVqTG5XaGF6TGZNRmpYWkNoVmxBNy16WHhVOGV4YzdYZ1VwUkx1cE1QXzBuMVQyX2JLUXN0YTY1UTNLSVRUUmE1TVE?oc=5
2025-10-21,09:34,法人向け新規事業開始意欲分析AIエージェ,法人向け新規事業開始意欲分析AIエージェント「Metareal ビズスタート(Metareal BZ)」プレミアムプラン10/21提供開始 - PR TIMES,https://news.google.com/rss/articles/CBMiakFVX3lxTE1TWk15ZXJWblBLSE9sbU1tM05xNEpBNDA3amlUbFJGcTVHZFJYa1ljYjRfdEJFLTdUOWtsTzN4Wjc3dWFyZkloV0todDh4Mk1lcW1FdVozMU83a3lia04yYmhsb0dNeWRPblE?oc=5
2025-10-16,09:34,売り手市場で進む 求人ボーダーレス化  ,売り手市場で進む「求人ボーダーレス化」 中途採用強化の“波”は静岡県の企業にも… - 静岡新聞DIGITAL,https://news.google.com/rss/articles/CBMiTkFVX3lxTFAtWVVBWEFpX3J6TFV4bG1QVGdGakg2TW1zZXpUci12SVZuVjVBZkRVblNWZXNMV3p5ZHVTQi1LRWxpcEZqSFg3blJfenBxdw?oc=5
2025-10-16,09:34,まだ間に合う！ テレビ局とタッグを組んで,【まだ間に合う！】テレビ局とタッグを組んで新規事業創出に挑む。事業者向けプレミアムビジネス講座「Edge」の第3期メンバー最終募集を開始！ | 東海テレビ放送株式会社のプレスリリース - PR TIMES,https://news.google.com/rss/articles/CBMiakFVX3lxTE4zNHYtdzVlZ2hYUzl1N0NTQmFXeDJCWkxaWVdyNlJZNkhnY09HejBySDRjNzNwRWRxOU14V094VEpnRlBoaHVJUXdBMGFtMlFMd0hBcGRfcFViNUZGa2ZMUWUwMzFwQktqQ3c?oc=5
2025-10-14,09:34,株式会社AGENT SUCCESS、新規,株式会社AGENT SUCCESS、新規事業「エージェント・マッチング」を開始 - PR TIMES,https://news.google.com/rss/articles/CBMiakFVX3lxTE42cV85TllRS1lUTXh2Y1doQ2NWLTYwQV9GSE90WW52b3prdG9UODBHQXhOQ2lCZnZMeGpHRWwxbGVFcTNIVFZOMXFYem1kTTBTQ3UxN3JQR2RoM25rLWw4Q3BwX0dSaWUwenc?oc=5
2025-10-07,09:34,地方企業における攻め,地方企業における攻めの採用戦略が奏功！山口県に本社を置く田村ビルズグループ過去最多の18名を内定。企業成長に向けた採用強化 - PR TIMES,https://news.google.com/rss/articles/CBMiakFVX3lxTE1ldHFla3hsWWt0TV9Mcm82a01ZbzFTTElYNE1vYVRIWHh1Rl8xNm9zaUJrRVlTMmw5SGtkVTl4YWFHeVVmMjVOTVR5cTNGeFVXYkFBMkhRUVk5YjY5NGU2VWVuSHBray0tcHc?oc=5
2025-10-03,09:34,エディオンピース ウイング広島でＩＴ企業,エディオンピース ウイング広島でＩＴ企業の内定式「広島でも採用強化」 - HOME広島ホームテレビ,https://news.google.com/rss/articles/CBMib0FVX3lxTE9GaGVtcjZOYlh4dkE3TXhKMk1aRFQ1RUZhdzhTYTBTbDhBaFhCTm5uV0drQUROY3dlWUFKQXV6U3M5R0EzWWtZVTFVbUdjRGRieTVxTEtQZnFfYmE1RUppckFmSHhkSG9scnFFbGFhTQ?oc=5
2025-10-03,01:17,エディオンピース ウイング広島でIT企業,エディオンピース ウイング広島でIT企業の内定式「広島でも採用強化」（HOME広島ホームテレビ） - Yahoo!ニュース,https://news.google.com/rss/articles/CBMif0FVX3lxTE1oTE1oSXNhUjNITlEtaVVUWnY5akVoZGdZbGhZaTBhMk5UMmhPZ21RSmF6X0ZnTGFRSzhYVGIwbjRhcTdwZlByN09wQVlicGhtdGhwbkRVNnYyZXp4WDliMmZBZmgtTmYtUGFRSVJMUUNXaUw1dGQzVmpiUnkwSVE?oc=5
2025-10-02,09:42,コンヴァノ[6574]：円建てステーブル,コンヴァノ[6574]：円建てステーブルコイン（JPYC）を活用した実物資産（Real World Assets）の決裁・流通支援事業開始のお知らせ 2025年10月2日(適時開示) ：日経会社情報DIGITAL - 日本経済新聞,https://news.google.com/rss/articles/CBMiakFVX3lxTE12MnFCLV9fTl9UUVRrNFFVN2Z1alBXYWtjckE5NVJoSmxLOXh3OVpPQjJOeG5fcnFEX0VSV2cybk5YTDEyclRTRFI0Rmd5ZVpYdEJaNzEzOUV0Z0dJWlo1UjJwODJERHZfTmc?oc=5
2025-09-30,09:34,新会社設立,【新会社設立のお知らせ】AI活用した採用に挑むDYMグループ新会社「株式会社DYM HumanReality」を設立 - PR TIMES,https://news.google.com/rss/articles/CBMiakFVX3lxTE4ySXZqSkhfcHpJaUJBNGZRYS1pMHRrbGtIcndYbUpUQzh2Vm9nTEdpSkhrUG1tbkFxMi1lREJFdVBwdTAwaWhMQjBrSU5LMHR4VzhyOFU5SElndzhHOS1URnE2eFVDS2c4OUE?oc=5
2025-09-29,09:51,中堅企業,中堅企業の“新規事業投資”を後押し──5億円スモールCVCファンドの立ち上げ支援サービスを開始 - PR TIMES,https://news.google.com/rss/articles/CBMiakFVX3lxTE40djBkM3ZzZUpBdUhVRjk1VE8zTHhJU2lsLUt4VkptMXJwck1JVmRGWTRBV0VOSzgwQ3BzWlJiT2ZOTEFVeUw3aGZoX3BhOGNicUgyWjdrTFpjcjEwUG4tVEtQLTZGQWxteWc?oc=5
2025-09-16,09:34,新事業進出補助金 第２回公募要領を公開し,新事業進出補助金 第２回公募要領を公開しました 申請受付は11月10日(月)開始予定 | 経済産業省 中小企業庁 - 中小企業庁 ミラサポplus,https://news.google.com/rss/articles/CBMiWEFVX3lxTFBSNGZ6TnYzREY5TjRJTEE5NUc5SlVHa2xKVVJvTS1iYXJnMEd0TzMxcjZmbFkyR2RIcU00ZlJKcVNnQmNqNmpuZUFHSG5QZGs5OWt4SjJObm4?oc=5
2025-09-16,09:34,12/19締切  中小企業新事業進出補助,【12/19締切】「中小企業新事業進出補助金」第2回公募が開始 - 起業の「わからない」を「できる」に - sogyotecho.jp,https://news.google.com/rss/articles/CBMiWkFVX3lxTE1FSllucXlzanlUS3JkRlBGZno1bzQ5NzNEZ0ZEVUhJT1NJQkEzT2hlc1JMMHE4cV93bmZLRkQ0MGdMR1dYVVYwQXRsWmZ0Umg2NFk1US00cGFMQQ?oc=5
2025-09-13,09:34,ぜひ我,ぜひ我が社に…来春卒業の高校生への新潟県内求人倍率が統計史上最高に 人手不足で企業が採用強化、選考は9月16日から - 新潟日報,https://news.google.com/rss/articles/CBMiXkFVX3lxTE9oalE2bjdlV2NZZXNvUGVqc083dEpDUFJVZ0w0b29qaFlSMVREYkRtcVFaSDIxWVpyMlBPQjc1MlloeURLdGI3bEdQZkxUSjJ6OHZjY2gtY3A1c09oclE?oc=5
2025-09-10,09:34,9月ロイター企業調査：約8割,9月ロイター企業調査：約8割が外国人雇用、規制強化に反対77％ 採用姿勢変わらず - Reuters,https://news.google.com/rss/articles/CBMigAFBVV95cUxNWkRvN01rMzZXcXNJOVFfaFhVazBjOTVkNXJXd1czcTdPbmFJakpTTGZiSUlwdS1ONUlaTHh2cWlibHRmZWI5a09WZ2JnMEFYUmZ2ZTE4Z1JqTHlrLXJjV1NpZkNGRzdNUmJfS1JkcWhSMUE3Tko5X2JMcW1BZjZzcg?oc=5
2025-09-10,09:34,Relic、大企業向けに 新規事業創出型,Relic、大企業向けに「新規事業創出型スタートアップM&A」の提供を開始 - Biz/Zine,https://news.google.com/rss/articles/CBMiUEFVX3lxTE5Da1ZoLWdqNy1GVFA1enF1VWFKY1RUN1diWFpxUHA2WDNUZkY5SnAzQVE5YUw3LUdPc2tINi04QVB6c0tNa0luM25pRzNUaFJI?oc=5
2025-09-10,01:21,株式会社シティクリエイションホールディン,株式会社シティクリエイションホールディングス、不動産販売事業に新規参入 一般顧客向けに建売戸建て販売開始 - PR TIMES,https://news.google.com/rss/articles/CBMiakFVX3lxTFBOZVdCWm1ESUdzUFJfNFdsZlNiaWx1dWpPVWx2WDlCbks0alBlalZidXF5SWJjS1FST2ptUFdGcEFlMUtWUVJ5aXItZExIU1pTbDFSYzNYbGswUVRFemliUXlrN3RvQ3JHMFE?oc=5
2025-09-09,09:34,フィールドワーカー向けSaaSエージェン,フィールドワーカー向けSaaSエージェントのUPWARD、東南アジアにおける事業拡大のハブとしてタイに新拠点を設立 - PR TIMES,https://news.google.com/rss/articles/CBMiakFVX3lxTFBzQ01yLWdKY2liWjM1WmdLSGxUdnJuYTFfTm9wQjk1bnM0QlJEcjVBamliYmlrci1IUHp1RXd0WkNxalh4ZENWUksxanB4UmxWN2k2cmJzRWhOTFFKSE9GazZwUUs4cGxzcHc?oc=5
2025-09-09,09:34,事業共創カンパニー,事業共創カンパニーのRelic、大企業向けに新サービス「新規事業創出型スタートアップM&A」を提供開始 - PR TIMES,https://news.google.com/rss/articles/CBMiakFVX3lxTE5xOFpZNnc1QWZ4OENqUDlhRVMzY04wMWRfWDdmT3V5MXhYYXhWak5WeDdSc2tod2ZNeXFrZV95REZmTklGT3dyT3FFdDJfbFN6WjNyM0I3ZkNHTHE1bGcyNVhkYzVCZml2U1E?oc=5
2025-09-08,09:34,中小企業,中小企業の属人化情報を360°天球画像で“見える化” 技術継承・人材育成・経営改善を支援する 森永製菓の新規事業「ミテツグ」 9月8日よりサービス提供開始 ｜ 2025年 ｜ ニュースリリース - 森永製菓株式会社,https://news.google.com/rss/articles/CBMic0FVX3lxTFBoREdNOUVjUGg2Y2dRLWpCcWc2RWlUNHMzSEhqYnRITVByUVZuRnFNNEl4T201eTJPVmlfYTVxbWY2bXZXUHNTUENPQnlBTmRRNFhSNVpVdldJYW9fNU53dnRBV2NqdXZmbmJSNWdCWHpwMGM?oc=5
2025-09-02,09:34,沖電気工業（東京）、企業向けにイノベーシ,沖電気工業（東京）、企業向けにイノベーション支援サービスを開始 顧客の新規事業創出やグローバル展開に貢献 - 上毛新聞電子版,https://news.google.com/rss/articles/CBMiWEFVX3lxTE5lRTJvaVdPdmFKVVVDWGM2YVY2UGlYZEZpVWhWaTRBbzc3MUlLQ0JMZHhsLUdqM1VGYm9pRzlOS0Z6aDZEY2VVNC1hWVczMmVOU0ZvdFREX0M?oc=5
2025-08-28,09:38,製造業向けクローズドコミュニティ MIサ,製造業向けクローズドコミュニティ「MIサロン京都」10月参加開始企業を追加募集 ～新規事業創出・スタートアップ連携を推進～ - PR TIMES,https://news.google.com/rss/articles/CBMiakFVX3lxTE9BYXVQQldCbXR2UVpkc1FhQjBFQ0ZRQUk5dzBQdURueENWT3ZvNkRZUWlFYnhUQjB4QU1iQ0ZDaU9KYlBFLVBTdE11YWFPaUd5MjNUZTRWLUR6Szl6WHRldTZjOXVzU1V4Mmc?oc=5
2025-08-28,09:34,伊東市中小企業等採用力強化事業補助金,伊東市中小企業等採用力強化事業補助金のご案内 - city.ito.shizuoka.jp,https://news.google.com/rss/articles/CBMioAFBVV95cUxNSXFHa0p6czdacGJIMUU5RDQ4cC1LSVFOOF9VcmhBQ21fLVJWRnZXX00yRGFEV1JPWTk3Zy1veWNVV3RfZ21KNFRxRDFNMXR6TnFWWEVDdjJ4ZmFyMkczOERzM2U4REpSR0o4SkxPck5KZnowOGc0THlFR0pCLU1KQ2FPM2hQVFVXNzBGTGtzNEJRNDc0Ry1JQXZGdmVXSDdF?oc=5
2025-08-27,09:34,新規事業,新規事業の成功率はわずか0.3％？9割の企業がハマる「落とし穴」の正体 - ゴールドオンライン,https://news.google.com/rss/articles/CBMiUkFVX3lxTE96QlVlVzdzTXdmT3Nad3piaEs5QmdaVlc0SXNIMDQ2Q0ppbWhHWTNUSUxPbFVORlZocVBHenpaN05vVXNEVjFiM0N3eHJoaFh4QWc?oc=5
2025-08-25,09:34,ツギノツギ 事業開発プログラム（第一期）,「ツギノツギ」事業開発プログラム（第一期）の公募開始|8月 - metro.tokyo.lg.jp,https://news.google.com/rss/articles/CBMidEFVX3lxTFBjVy11NDVacW56Q3FWUl83S0dvLUxMbkJON3NXWXByRXp2WE9nM29lM3VoSkRkNWRfa0ZFc3RmVzA1TjRUd084Ry1OaWlWSE1mSUZYSTJzVFBoSlA4NDBDNGlOYUNiRjlrb09NU09ldGlCVURj?oc=5
2025-08-21,01:17,プログマ,プログマが金融領域の新規コンサル事業開始、パシフィックメタ、イグニション・ポイント、3Dライフワークスと提携で - あたらしい経済,https://news.google.com/rss/articles/CBMiT0FVX3lxTE9fcWNGbmRBYV9FajF2SVlDQmlUeWxSNE1NUk03Uk5oeHhCQ1pyaWpjZlBFRVotdlp0ZlhjdUJiR2hTenhKTTMyM1BZM25aSWs?oc=5
2025-08-12,09:42,UNIDGE,UNIDGEが支援する「ひめぎん新規事業創出プログラム2025」にて、協業先スタートアップ企業の募集を開始 - 山陽新聞,https://news.google.com/rss/articles/CBMiUkFVX3lxTE1ReWdndEFaRkhlakxNUXpUMUxpeFFpblNNQ0VaM3M3VlNpaEQ3TE5jOVB6X3JuRU52bHhPWjBFSTJoNEphZExScTlUQlpNdUdVN1E?oc=5
2025-08-12,09:34,UNIDGE,UNIDGEが支援する「ひめぎん新規事業創出プログラム2025」にて、協業先スタートアップ企業の募集を開始 - PR TIMES,https://news.google.com/rss/articles/CBMiakFVX3lxTE9DbU1xUTlScWlvYVVOYWFEMnlWb21IMmx4RDdfZEV2ZDh6dmlNMzFqd1pQemJTNUlDTlZ1emtYYkRqeXNxNGh5ZjMtLWJrNlhxSDB5ZU05RlU0cXJRaVB1eV9nZDFZVi16cmc?oc=5
2025-08-08,09:34,大企業発‟新規事業”,大企業発‟新規事業”の最優秀賞が決まる 「TMIP Innovation Award 2025」エントリー開始！9/12〆切 - PR TIMES,https://news.google.com/rss/articles/CBMiakFVX3lxTE5scjNhVjl0SGR1LUJwR3FvbVJJU3ZKQ0J3VzVYZmtuX3lfRlhYeXNicmFMbk9qWlN2R0NhM3Y3clZ1RjlZQkJoWHI5ODMxUnNqS3BaYzNTVThBMVpQaWt4MnZlZTRpQVFCaUE?oc=5
2025-08-07,09:34,三重県 × eiicon  連続4期目,【 三重県 × eiicon 】連続4期目の運営開始！ 「TOKOWAKA-MIE オープンイノベーション推進事業」 三重県内企業向け新規事業創出セミナー 9月8日（月）開催 参加者募集を開始！ - PR TIMES,https://news.google.com/rss/articles/CBMiakFVX3lxTE1nLW5lVWI4SWRDcnZ2dlNSbnNOUmlCQ00wa2s4UXg2VFZ0MGw1SmNCNEhyci1Lb0NUZzFERmZpUE5wYl9RM1FYVVVwbTlTZ0ZVdGl1cVIxWHVpU09iNkk2XzlZNFFER2RWeHc?oc=5
2025-07-29,09:34,quantum、AI駆動,quantum、AI駆動の新規事業開発ソリューション「Leanmodels」の本格提供を開始 - Biz/Zine,https://news.google.com/rss/articles/CBMiUEFVX3lxTE91LXZqa2Z3djVyLV9vbmY1QzVleFBocTBiYUU3cThTMzdPeFdIVmVNakhRNDc4TXdoQ3JzSkI5YklTUjEzeFFWNlBzTTZWOEgt?oc=5
2025-07-25,09:34,東レ発新規事業『MOONRAKERS』西,東レ発新規事業『MOONRAKERS』西田CEOの次なる挑戦。事業成長のヒントは、いつだって「目の前」にある——TMIP Innovation Awardから始まる共創ストーリー - 三菱地所,https://news.google.com/rss/articles/CBMiT0FVX3lxTE16TDd4RGE1UGE2OVBDc1k5SUl1eHpqUWJhSGUzSjJFeGR1V1F3SDBSMGUxVzZ2dUlFVkVWaWFHUTZGUzcwWlpyZzE0dXpKMjA?oc=5
2025-07-25,09:34,大阪府×AlphaDrive 府と,【大阪府×AlphaDrive】府との共創により社会課題を解決する新規事業開発に関心のある企業の募集を開始！ - PR TIMES,https://news.google.com/rss/articles/CBMiakFVX3lxTE1YRU9Pb0ZiS2JDVXdldUVSeEpNblI3a0NrQk9iTDBSSDNYMU5SWmMyYmdSc3ZXaW9VbkZGdU9YNll2ZzRRaE1ZVnZ2aWFxSzkwcDlTRkNRSWJNSFRVd3lNeGRraDNjbjkxUkE?oc=5
2025-07-14,09:34,三菱UFJ銀、人事向け新興企業セミナー ,三菱UFJ銀、人事向け新興企業セミナー 採用強化・離職防止策を発信 - nikkinonline.com,https://news.google.com/rss/articles/CBMiVkFVX3lxTFBfaWZjNXJVQUtQU0FYbzI3Ylp2WldGSmpFb0NFcnZ6YjNqYTVDUl9uQjFVUDRWQU5KZTZDbFRGTHhQUVpFUndqaWZzdzdjVWhPbEVUNnRn?oc=5
2025-07-07,09:34,参加募集開始 大企業・製造業企業,【参加募集開始】大企業・製造業企業の新規事業創出をスタートアップのスピード感でーーKyoto Acceleration Program 2025、10月より開催決定！ - PR TIMES,https://news.google.com/rss/articles/CBMiakFVX3lxTE5MYXpUTnpxRERwV2JxS05XbEJoZy1JSjZ0ekp5YUVKU0sxYmhHRnU5eXFBdm9RZWxyQlJDNmItNHNfN0VpX2RQU3VIbVBmZUlGVzNKeWJid2pEMWRtN3FlZjhBSGhMUl9xOWc?oc=5
2025-06-27,09:34,GO株式会社、新会社GOジョブ株式会社を,GO株式会社、新会社GOジョブ株式会社を設立 ドライバー人材採用プラットフォームで社会課題に挑む シリーズAラウンドで4社から総額10.5億円を資金調達予定 - PR TIMES,https://news.google.com/rss/articles/CBMiakFVX3lxTE1mY3htcWhsZTNTZ3A1djd2Vkw0RnlsS0VUeWZKdExzbHpyX1llNFFuOEhkVmludEpjbllSai12S2pCWmlhWGpSRnNyZFd3bUY1aHFUS3kwb1A4SjBLWVJSdC1IancxMmk4aEE?oc=5
2025-06-25,09:34,株式会社YOUTRUST、労働生産性を上,株式会社YOUTRUST、労働生産性を上げる2つの企業向け新ソリューションを提供開始 - PR TIMES,https://news.google.com/rss/articles/CBMiakFVX3lxTE1meXZFY01URHhUTVZVZHp4TDNFQldmQ1RBSTZLR3lUeGhPdDYxYUxfbG5xU0w2UXBYXzd1ZjBaN2RmaUZYQjkwaTZzMm5RUUxRenlIRzZwOUt4WTlqUXZvX2pKMUdIaEFNVmc?oc=5
2025-06-24,09:34,UPSIDER、AIに経理業務を丸投げで,UPSIDER、AIに経理業務を丸投げできる新規事業「UPSIDER AI経理」を提供開始 - PR TIMES,https://news.google.com/rss/articles/CBMiakFVX3lxTE1KWEw1TEhhSm1menNHV1AzRDdBa1hteDhzdTlnYkxKOVB0WGF1X0tpLUFhcS0zZWVsaDBmM0dwMEE3WXRMRWZrR2RJZ2pHSy0wejE2MENfci1LR2NJWE5NVHlMZFFCV0o2aEE?oc=5
2025-06-24,09:34,UPSIDER、AIに経理業務を丸投げで,UPSIDER、AIに経理業務を丸投げできる新規事業「UPSIDER AI経理」を提供開始 - UPSIDER,https://news.google.com/rss/articles/CBMiygJBVV95cUxQdkhEVmNHcmtEUW4zdU5qQThXeFVpcHB1N2lrTW93ZDlNVWlaRTFXOVRwZVR6TGxpNjBKR1A2NUxiSHpSUTRGN21QUWNrM3VzdFJQRVpGMEh0WmJraFJ3cjd0MEhETHN6SncxOG9QM0ZndktOWDR3RGF6dTJaNVBuWFNuMUFRZmZJaFJRVlVlT3lNSmRCdjhtb2tZcFdjSWMyN2thekxEWDdFS0MzajdESFVfNEJzblZaeHoxTGRtbTRta1dVVUpJOVlkNE9UTGh2N2FISTV4Yk1QRkpSRlJzbE5DNXdXdGE0RzI5MllVOUJ0S3l4aUhqRGY2MmZXa2V6VkpQeWNFNGt0OGJXV3NNc2VkWVR4Tk1wUWRka0FhMnU2X3VOUVRxYnh5cy1zd25JY1JHMkZWZmRFdDlTRXU4ZE9EWF81ZTg3MEE?oc=5
2025-06-13,09:34,生成AI×新規事業 企業内起業家支援ツー,【生成AI×新規事業】企業内起業家支援ツール「イントレAI（β版）」を開発─ インターウォーズ株式会社、6月13日(金)より開講の第31期イントレプレナー塾にて先行実装開始 - PR TIMES,https://news.google.com/rss/articles/CBMiakFVX3lxTE9DVFIxZXh5WE12NldqLTkxRjYxRmRTR2YzeXpqUk9TUllaVUtIc0ozeV9IbEJpM19HbXlaS3VCUG5vMDA0enRiMzQxbHBzZXVwc2dEQnM4Mk1RUGJ1Undibnhwc2lXcnNoLVE?oc=5
2025-06-11,09:51,株式会社mct、UI/UXデザインサービ,株式会社mct、UI/UXデザインサービスを本格展開開始──CXデザイン／新規事業開発のノウハウでコンセプトの具体化を支援 - PR TIMES,https://news.google.com/rss/articles/CBMiakFVX3lxTE1oTUFCelVlWExTb2xkb3hlVjVwV04tX3hQZENMNWNHdmdFQVNaWmZMdk9lWWlkTFViRzB3OWhhNXhZNmNaX3EtYmVfNHRTZ18tSVpyZlZZZjRqZnN4dzBDWWk0ZU55QVJMTmc?oc=5
2025-06-06,09:34,中小企業採用力強化支援事業 - pref,中小企業採用力強化支援事業 - pref.hyogo.lg.jp,https://news.google.com/rss/articles/CBMiYkFVX3lxTE5ZR3dhMkVWUXNPYnNaN051cWZiNGdJcVRTZXFLRXF3amE0NWxxTUxkMXkxR0xuQkVQd0ZadzV2bzdVUWY0R1NTYUFoTU4xeUNNT0tQS2FYOWk1RXNsak9OVWlB?oc=5
2025-06-05,09:34,宇都宮市×AlphaDrive、協業・新,宇都宮市×AlphaDrive、協業・新規事業開発に挑戦したい宇都宮市内企業の募集を開始！ - PR TIMES,https://news.google.com/rss/articles/CBMiakFVX3lxTE95X3pENGJqMDZfTnFwNTN1ckd6eGlpdm9iRnVHdlFabXhvdnh1ODE3Tlo3clJGbVZWc3pTTzhsSjRHc1EyOXp5RlFzMy1SNnZNbV9NUjBWX2FnMExtR0tWQU5IUFV4aG1FR0E?oc=5
2025-06-04,09:34,令和７年度 企業,令和７年度 企業の採用担当者向け「茨城県 企業の採用力強化プログラム」の実施について - pref.ibaraki.jp,https://news.google.com/rss/articles/CBMie0FVX3lxTE94VTRlb0laVV9ZYThILW1GTGtROUtvSlVjT0pfNDJzcmViYnpkaGFpc3ZEdUVhYjJPRGdaS1JUcUlnRXIxZGk0d0J5aVhFUjc2SWhSN1FqQzdiak9FcVl3RzhUWGxPXzRLczhnSWNGcUJIdmt3V21ETUlTbw?oc=5
2025-05-30,01:17,沖縄・読谷 合同会社Hariche、地方,【沖縄・読谷】合同会社Hariche、地方の人材不足を生成AIで解決する新規事業開始。 - newscast.jp,https://news.google.com/rss/articles/CBMiR0FVX3lxTE5Ra0ZMaDkxdHIxcnJBcVN4d0VpcjRpNzdZdEl3dGh0XzgzMTA4ZlBUTGVVU2s3TVF5dXFwUjNpb05zdEc3ZHg0?oc=5
2025-05-26,09:34,AlphaDrive、企業,AlphaDrive、企業のアセット活用を支援する新サービスを開始 - PR TIMES,https://news.google.com/rss/articles/CBMiakFVX3lxTE1VaXJkU25HS3hnekdXbVcwdHRsZGFkZ2pVRmpRU1RRN2xGaUN3UDJoT21NVHU0Rzh4QVgxNU5Xd1hBc3V0dEVSd0tWa3pGVEd1YnlWTzN3SVloN091emNnN29wR1lLZTNmelE?oc=5
2025-05-22,09:34,様々な施策で採用強化マイナビ・日経 20,様々な施策で採用強化マイナビ・日経「2026年卒版就職企業人気ランキング」に今年も選出！ - PR TIMES,https://news.google.com/rss/articles/CBMiakFVX3lxTFBnb3QtUHRJNmFMckI3TGd1clU5dzhYbXdiTnI1SmFsc0NQLUZxUE1ySm8xbmJwbTlLdnAwWWkyc2tyMG1tRUNIakF1bElZTGxHS0gtdlNxc21oanVPQ3UxdG5mQk4ySlluN0E?oc=5
2025-05-22,09:34,報道関係者各位 プレスリリース 法人向け,報道関係者各位 プレスリリース【法人向け新WEBメディア『新潟社長図鑑』提供開始のお知らせ】 - PR TIMES,https://news.google.com/rss/articles/CBMiakFVX3lxTE5lLWczTXN2ZXBScFhIcmVlSERTR2I2MTM5dHhpQjlMQ1NWY0hvY3ltX0FVbWZGWDFXVDRaXzVmY1dKT1NNdGN6NnJtQW9fdlowMjVBM2NOYUw5V0V1MUM2MmJJSThZWGQycXc?oc=5
2025-05-21,09:34,BYD 新規事業で過去最大,BYD 新規事業で過去最大の人材募集 - LOGISTICS TODAY,https://news.google.com/rss/articles/CBMiSEFVX3lxTE0tZXBPaHNjYmpoeEpIOWtwdkY3Qmhqd1RGN1RDXzluS0cwZmdYemllem5aTmRlSkVUNk9JcTBvTk1Kdk9PWjg2Vg?oc=5
2025-05-20,09:38,SBC MEDICAL APAC PTE,SBC MEDICAL APAC PTE. LTD.、シンガポールにて事業開始 - PR TIMES,https://news.google.com/rss/articles/CBMiakFVX3lxTFBLdEFVS0ZOUk5TeVkxdmJqaVNmMUV2OGFkWjJ3VDEwMkotMW5fekFJMXBfNW41XzM5OVVOLWZGcnZrRl8wWENQaTdETXk4ZEM1MjRhTTNxOXJFdENOSmJHSTlLdXlfTElFaWc?oc=5
2025-05-20,09:34,ひめぎん新規事業創出プログラム2025 ,「ひめぎん新規事業創出プログラム2025」開始のお知らせ ～オープンイノベーションによる新規事業創出支援 - 愛媛銀行,https://news.google.com/rss/articles/CBMiXkFVX3lxTFA3T1N4NGZlaFVJMFgxakRhS0pfM3JZMjZrc3JtSlFvckZITzZSZmZiZWZqX1M4bHAzdjNjWG4tTU9DRFhJeGlOYmxYRnFMd3VGbjBQQktMc1BjM2dXanc?oc=5
2025-05-19,09:34,２０代キャリア採用は キャリア採用強化 ,２０代キャリア採用は「キャリア採用強化」と「新卒だけで若手充足できない」ため。入社後期待することは「中長期的な戦力になること」がトップ | 株式会社学情のプレスリリース - PR TIMES,https://news.google.com/rss/articles/CBMiakFVX3lxTE5TejBhZS1ucnVuemNHd1pXY3JiVDhRVWQ2dFlDNjF1VkFxSDZUODhzT3RQbk1PdFh0X3ZYbElJclBKb2R5dFFmMmI1Y213aUJNU1FnNk9iZVdMMXFoYlBHMFFCOXVmZHBOcWc?oc=5
2025-05-19,01:17,BYD Japan Group  新規事,BYD Japan Group 「新規事業人材採用サイト」 をオープン - PR TIMES,https://news.google.com/rss/articles/CBMiakFVX3lxTE9wN0tVWEZ6ejdRNU42VUdxRUNKMEU0Mk9MWmRXd1BzM2dUVEh0cG5fd29EUWMzYUJqeEZPSmhqM1l5RV9WX0lkOG5yeUJ2Z2xwbmMwYTRjbmdaR2xIU0ljY1Z4MEdTQ3RCRlE?oc=5
2025-05-13,01:17,製造業で新規事業創出と既存事業変革を担う,製造業で新規事業創出と既存事業変革を担う、社内リーダーの育成研修を提供開始。【法人研修の新サービス開始】 - PR TIMES,https://news.google.com/rss/articles/CBMiakFVX3lxTE9RTUtONF9DZkJwOUpiTlhiVnI3eHB4QnZuaHV2Z3lQRDFlWGhrTVh0NHVTU0VmQ0FDbWJHcG5oeF9uaFFONExLQTNKQjFlSG1BT09PMHBFR0k0aTZ2ZFBkN3lrNDdSV2NMSlE?oc=5
2025-05-10,09:34,中途採用,「中途採用の強化」7割、社員の知人推薦も 26年春の採用計画【九州の主要企業アンケート】 - 西日本新聞me,https://news.google.com/rss/articles/CBMiVkFVX3lxTE5TNEl6MjB1NUlKX0V6MEhGOWdfVER4dHBadlJocXZZRnNiZ3dsdnpBbWd3cnM3bnVOLXhrNDZyZGlHMWxXb1JDNWdHN2tCcWZucVVaZGp3?oc=5
2025-05-09,09:42,令和7年度新規事業  DX実践人材リスキ,令和7年度新規事業 「DX実践人材リスキリング支援事業」の募集開始について コンサルティングとDX講習により中小企業のDXを支援！ - my.metro.tokyo.lg.jp,https://news.google.com/rss/articles/CBMiaEFVX3lxTE5tV0ppbGdsMmlEczlwaW1WMGYxYWJmWlY4YmFNSlNxTEtVV0ZSSlpPVHRCcWdCa1dZb2hMSDlsUzJUdGNCam5scVZtSkYteTNKWng4b1haQUJWMjZ4WU14NDBySUxCbVY4?oc=5
2025-05-08,09:42,九州リース子会社、再エネ新会社を設立 系,九州リース子会社、再エネ新会社を設立 系統用蓄電池に参入 - 日本経済新聞,https://news.google.com/rss/articles/CBMibEFVX3lxTE9yRTdVVUNuNm43aUd5WjFLZHpZd2pGRGFndmotd3o5X2x1dHFjSUdCaV9pc3VmWmFOSnQyYnNnZ0RhUWNaWGlaZGV5bC1tOTRVZVlZYkh3NVlpMFcxY2tpb2RXUkpqTjR2V0trYw?oc=5
2025-04-30,09:34,東北,東北の中小企業DX×採用を強化。サンリクテックがYouTubeショート内製化伴走支援を開始 - PR TIMES,https://news.google.com/rss/articles/CBMiakFVX3lxTFBZNVVFSmg1VHFHQ096czFERmZ2WV80MjZYbXBGY0NfX29aUDBqSXRvZXhDZWJxMkpNa1NBTG4xQ1lTdXBseW8xOFU2ay13aVpkQVVpUXNvOG5LM0tZSjZ2d1dLczdDWGtaWVE?oc=5
2025-04-24,09:51,事業開発人財を採用できる新時代,事業開発人財を採用できる新時代の採用プラットフォーム『灯火』4月24日(木)から事前＆無料検証期間の登録企業の募集を受付開始 | 株式会社Liremのプレスリリース - PR TIMES,https://news.google.com/rss/articles/CBMiakFVX3lxTE1OQ2lNTWhLQWg4dVB6S3pXT01nZGcxd3d2a2tBbHl2Y0xtZWM3QzF6SURwc0dZREdlZVg0RVR4TmtZaUtEV0hudjQxa19fcTZFOTFuUXFYRTF6XzR1eV9JVXpuSlVhUzRwQ2c?oc=5
2025-04-23,09:34,福島日産,福島日産が、カーセブン郡山香久池店をオープン。お客様に寄り添う“まちの買取店”の新拠点設立。 - PR TIMES,https://news.google.com/rss/articles/CBMiakFVX3lxTE81NkphZHFocThMRUQxWGtJZUtTTDBJWjE4R2dFcXhqazZNcVFYYmRkcVNJZC0zZjlmN2lMOUdvMHVwc2RMYnF3RVFhaTlSYU9Xd25LS0dxWlljOFFSaks1a0NNS3NjVlFfUEE?oc=5
2025-04-22,09:34,補助金 新事業進出補助金,【補助金】新事業進出補助金の第１回公募を開始します - 中小企業庁 ミラサポplus,https://news.google.com/rss/articles/CBMiWEFVX3lxTE5NSUl1RGRmYkxUd2I0UU9CY2VwWjl6aGJBT0dVOUtkdlNlSFFudmYtVXVrbF9WVjlfQ2lpNWhjSXBVS2wwOF96eUZ0Z0ZpcGpDSVQwUUFSVU4?oc=5
2025-04-21,09:34,未来シナリオを起点とした新規事業創出へ向,未来シナリオを起点とした新規事業創出へ向け社内コンテストを開始 | 東武トップツアーズ株式会社のプレスリリース - PR TIMES,https://news.google.com/rss/articles/CBMiakFVX3lxTE9pTVFDXzE1Q3l3UElQNkFwdFB6WmhIRVpCRFpiUWhNV2FWd2tQMUVPck1Nb1NZX3N2TGlWMmU4TGdSUTM1akQxNlR0Ykhwd1ZnY0RyNDdvSW1UYVktcExzNzRDVlc1YXYxSnc?oc=5
2025-04-11,09:34,Recboo VC提携40社突破！スター,【Recboo】VC提携40社突破！スタートアップの中途採用支援体制を強化。スタートアップ特化の人事コミュニティの事前募集も開始。 - PR TIMES,https://news.google.com/rss/articles/CBMiakFVX3lxTE9mQUIyV2lDNUNoTXJnVkIwQ0VYWFUzX1JEdF9lTUdYVXVYLUozSDU5WllFWHFwMlJRb19kTTN2UE5uVUppcHhyVkhfaVMtTFhES3BLdXdWd3FsckRxR1RXUkZ4T2gxSHVHeEE?oc=5
2025-04-10,09:34,AlphaDrive、IPO支援事業を開,AlphaDrive、IPO支援事業を開始全国のスタートアップ・成長企業の上場を支援 - PR TIMES,https://news.google.com/rss/articles/CBMiakFVX3lxTE1WYTBqaU1aZ2c2Sm1RdXI3UVV1eUhFVnhYOUttbDNDYllNd2pyaGJkRVRuRml1clZlb1N4N1ZvUGk5MzhPUEtuYUI3WGlHX05NbWtkQnRETTk2N05rMng2Y1lCU2NCSkVkUVE?oc=5
2025-04-10,01:13,PR TIMES AlphaDrive、,【PR TIMES】AlphaDrive、IPO支援事業を開始全国のスタートアップ・成長企業の上場を支援 - 琉球新報デジタル,https://news.google.com/rss/articles/CBMiX0FVX3lxTE5TcS1XeDdVY2pKcnFjTWoxRnp3VlhyeEduZ0RWejJaam94WGtVUVh1bUJZNXhQc2h0Z0tlTzJ2ZGxXM1VmSDNMODVWUFZ6bmdSN0xhR3R1VHB0STV4QndN?oc=5
2025-04-01,09:51,株式会社アルファドライブ、YouTube,株式会社アルファドライブ、YouTubeチャンネル「新規事業・人」をスタート。 新規事業にかかわる全ての人の「よりどころ」に - PR TIMES,https://news.google.com/rss/articles/CBMiakFVX3lxTE9fcmtSVWZBazYzZmlsUE4zNDVCUFBVd0pjQ253SmM3a1NZSU9nVDlFYV9xa09wRTNCWlpCQmo3WnlPQ0oxcS1waFY2ekFJZm13OFJaaVBRdkdyb2VCNm9NamRBU3pLQ2NNaEE?oc=5
2025-03-26,09:34,HEROZ,HEROZが「SalesNow成長企業セレクション2025」のSMB部門でTripleに選出～上位5%に値する従業員数成長率26.92%で、ダイレクトリクルーティングを活用した採用強化で企業成長を実現！ - HEROZ株式会社,https://news.google.com/rss/articles/CBMiWEFVX3lxTE5ocGlobkRrdlpmV29FbWt6VjFEa082SXBDbVFsN1E0VHBYdld5LWxRUFlBemllcTJPOEhqbWxQMUp3ZWlUSVVEZUdKS1VuZW1JeTFUdjBERGg?oc=5
2025-03-19,09:42,食文化創造集団 打ち出す日清食品グループ,「食文化創造集団」打ち出す日清食品グループ 幅広いポジションでキャリア採用を強化している理由 - キャリコネニュース,https://news.google.com/rss/articles/CBMiXEFVX3lxTE1VSEhrR2RieHFnMF9tVHFCSG1MLVBRcmRCanBYem5pUF8zRXhjbkV0cWpLOUF6eHYtYzZSVXVheUdJT1R1a2hnS1RDVjRLYV91M0lvdTBCR1p6YjN1?oc=5
2025-03-13,09:34,アディッシュ、大企業,アディッシュ、大企業の新規事業創出支援を行うキュレーションズと業務連携。新規事業開発および運営におけるカスタマーサクセスを共同支援 | アディッシュ株式会社 - Digital PR Platform,https://news.google.com/rss/articles/CBMiQ0FVX3lxTFB6Yk9vU0FqYUZMZWxKVFJTOVdLQUtlbnZKTm53RGxvb0cwSVBNY2oxa3NVLUt6TzlYaG1JQjUteHhrUlE?oc=5
2025-03-06,09:34,国交省、港湾関係新規事業採択で意見聴取を,国交省、港湾関係新規事業採択で意見聴取を実施 - LOGISTICS TODAY,https://news.google.com/rss/articles/CBMiSEFVX3lxTE9kX2xueGh5ZFRwdDhUY1p6UGZRMExqbENWeTI1Nldna3FCVG5iZVphd0VYbEtOUWR3TGJ1eXc2RzdkM2hHYVFBbQ?oc=5
2025-03-05,09:34,ニッセイＡＭ、オルタナ外部人材採用強化－,ニッセイＡＭ、オルタナ外部人材採用強化－海外投資家向けファンドも - Bloomberg.com,https://news.google.com/rss/articles/CBMidkFVX3lxTE1qang1d1RYcUVtRkF3b1dXQ0h2RlZKWXAtdFBmUF95ZzZOck81amIyNEdfbkZiV1BQNlFvUUc0ODR0RnlqWVpUWlpyUkxBcVpiYmZWcmtGM3ZUWFRxNUh5R3FPWE5rODQ3elRwOTY2ZFRlWXZKbmc?oc=5
2025-03-04,01:17,JCBとマネーフォワードエックス、金融機,JCBとマネーフォワードエックス、金融機関の法人顧客向け新規事業共創を開始 - 株式会社マネーフォワード,https://news.google.com/rss/articles/CBMie0FVX3lxTE54WE9LSnAtQVFhUFhRZDJocW5oMkk4NHFhYTlCMjZLSnFsN0VkOUxvanVkWXBzczh6U2FoenY2dDV0LWJrRk5feHdYRlFPYWRMZ25aMEpSdUN0TUpsWXJiZjRrQzI5NHhscERHLWpvWmcxRmxBZjJLUHNLaw?oc=5
2025-02-27,09:38,平和堂 3月1日(土)、地域課題と自社課,【平和堂】3月1日(土)、地域課題と自社課題解決に向けた新規事業を開始 ジム＆スタジオ「ふらっと ぷらっと」をアル・プラザ敦賀にオープン | 株式会社平和堂のプレスリリース - PR TIMES,https://news.google.com/rss/articles/CBMiakFVX3lxTFBxRjV2dXA2Z29KalMyNGl3UWRVbnR4WktkN2s3d0dpV3VuZElpanVNSHIwaF9DQWFVNTlVNDZjMjVuOHJKYWd6Qi1mc2xfbXVCN24zU09xV2xlQWptdktqT29kZHNrb1Z2aFE?oc=5
2025-02-24,09:34,太陽ホールディングスで 将来,太陽ホールディングスで「将来の経営幹部」となる第二新卒の採用強化 安定した経営基盤の上でベンチャー企業のように挑戦 - キャリコネニュース,https://news.google.com/rss/articles/CBMiXEFVX3lxTE5KOG94UVpiU3ZHRDIweW5ZU0pJU181NG9BckwtMHAtb3hZRTdXd2xYSDBPWFZPQmZOZDBlb1pUbjJoVHRFa25LdDh0MElxMkxrZDdUTllCemRFajdn?oc=5
2025-02-10,09:34,企業,企業の中から新価値を生み出す社内起業家を表彰する「第二回 日本新規事業大賞」の募集を開始～イノベーション創出を支援する7社が共催、企業内新規事業を表彰 - Sansan株式会社,https://news.google.com/rss/articles/CBMiWkFVX3lxTE12WHBvRDBxTGtlT0FrcTlKanQ0Sm10UXBrWEs0QXR4d3RRaHNBbEZWdklMczcxT0o4YmVLZWpFS3dnT0JzYmM2a2oyMDh0VlNzZFRSZDF0ZUZTZw?oc=5
2025-01-06,09:34,スターティアとクラウドサーカス,スターティアとクラウドサーカスがキャリア採用強化 ITインフラとデジタルマーケティングで中小企業を支援 - キャリコネニュース,https://news.google.com/rss/articles/CBMifEFVX3lxTE5JU3ltd290NWplTlJxMW80TldFS0lUTkVjMktMcDNGYmVtSjlHUXJVYnYwM1RoWEd4VXJfaktPRmtHWVprQWkweHZ6d3piME0yWlFTQzdmZUtWMktTdFdrN0dPeFRXT05HZkR6b1E2YmNEem5QaVVqd2o1Rk0?oc=5
2024-12-27,09:34,wibと事業人,wibと事業人が業務提携。採用強化を加速するクリエイティブ支援サービスを提供開始。 | 株式会社wibのプレスリリース - PR TIMES,https://news.google.com/rss/articles/CBMiakFVX3lxTE11Qy15QWI0VXZ1a3dxQ1RyRFdvb3RkNTV1WVFZRDJVT3lobUZpTktaSmMxaUdXWDgwV3UwcVBJdjRXT3RzcVhFU1F0SHBTQXNGd3NTa0N0bEdCWUdtQ0pQWVJ2dUJ1RlY2YkE?oc=5
2024-12-25,01:17,2024年 企業,2024年「企業の人材不足」実態調査 ー人事・採用担当者向け情報サイト『人事のミカタ』アンケートー - エン株式会社,https://news.google.com/rss/articles/CBMiY0FVX3lxTE9ETk5kMDNaWDVqQXBtT05TN1UzT1lkaklWdGhkYzk1NE10czA4eG5vc0Jwc2FUMXlWTUlOWDhzbzl1cENnM2NlNXZpOTNzWUFMU3VKQzRkc21mbGR2dmY2aDhRUQ?oc=5
2024-11-18,09:38,株式会社SalesNow、シリーズAエク,株式会社SalesNow、シリーズAエクステンションラウンドで資金調達を完了し、累計調達額は6.5億円に。急成長に向けた採用体制強化へ - PR TIMES,https://news.google.com/rss/articles/CBMiakFVX3lxTE5rcHY0ZlRLRFRTdk9FS2NzLXZ5ZnhZQU56a1NaWm5VLV9NcVZuRmlNODFXeEVYSkRBcjBwNXhZUHlCSjdJMTUyR010SW1QLVFPNkYzRmFrT1VMd1p5dXlDVGJJRk42RXMzOHc?oc=5
2024-11-08,09:34,企業内新規事業,企業内新規事業の挑戦人材が集まり、互いに応援し合える場の形成を支援する「AlphaDrive BASECAMP」サービス提供開始 - PR TIMES,https://news.google.com/rss/articles/CBMiakFVX3lxTFBCQWhiTW1ybmRlMWNjbEdKOVRBT09Dc1FMVmJiQ1ptUXdQY3dEbEFHM2tFa2RPSHNKSmIzMFRtN1ZJTXhwbll0VXM5V19YcVpodk5KQ25KX2lGMDRQQWtLVG1kOXNueEUtV0E?oc=5
2024-10-28,01:13,十六銀行 × NOBUNAGAキャピタル,【 十六銀行 × NOBUNAGAキャピタル × eiicon 】地域企業支援事業「AUBA新事業創出支援」を共同で開始！ - PR TIMES,https://news.google.com/rss/articles/CBMiakFVX3lxTFBBTzh6RVBSSkt5bDE1WlJPYzhyNXczLVpZNEpKTEJMcHhvX3h5aWliM2tIbE0ydjdWa0R3bFUxXzJOc21WRnBmRVpuQkhvYW9ROWU4cm5xUnpuQXZaeFNtOF80dEVrN2FZS1E?oc=5
2024-10-27,09:34,寝ろ。,「寝ろ。」のTimewitch、大企業の新事業開発支援に向けて「FiPaaS」を提供するファイナンス・プロデュースとの戦略的提携を開始 - PR TIMES,https://news.google.com/rss/articles/CBMiakFVX3lxTE83akNyenV4OHNzYUVzdkZKN1RmVExXdGdkaU5qbDhVaVlEaGFqanJKOU1aUU1Ja1NIRVNtRnJ4NWttdG0ya3k1MTRRR1ZKSlYyMms0bWtJM01nOV9BRXJmZzl1elBCUThqLWc?oc=5
2024-10-22,09:34,オン・ジャパン,オン・ジャパンが採用強化、特設ページを公開 NESTBOWLがトータルプロデュースを担当 - fashionsnap.com,https://news.google.com/rss/articles/CBMigAFBVV95cUxPWlo1eFNLemRYQ3RzYjZZb2hPeXliRGhvSlE5QU42dUpOZUlTUE9uR0VoZ2JKNkFrOTZBUnljZTJjMFZ0RTd2dE0xOXpZZXR3dW8zaUdxU2lpWnhJWVg2dUxWYmY1T01OOHZ5b1JvWkd2anZmQk5BVHd2V3RRaTJLdg?oc=5
2024-09-20,09:34,大企業発,大企業発の ‟新規事業創出“を表彰する制度「TMIP Innovation Award 2024」エントリー開始 - PR TIMES,https://news.google.com/rss/articles/CBMiakFVX3lxTFBjN3ZFTzNTQTFMUkQybXZJSFBlZGdhcXFfQkRjYlVvcTNKbERJQXl1dkFDUl96QmVEZ3VsRW43RjBGUHVucks0QlQ0R3I3MlhOQnhBc2ZFcDl4RUhvYUYtekZRdXpfbUtsRUE?oc=5
2024-09-20,01:21,認定NPO法人メタノイア、新拠点設立,認定NPO法人メタノイア、新拠点設立のためのクラウドファンディングをスタート - PR TIMES,https://news.google.com/rss/articles/CBMiakFVX3lxTE4xVUxHaXh5ZjlIS0pNVFZoRlluMzJnMFRnNGZ6a2dTT1RudTJNME0zeUpVNFhnTDRIUW80OGd5NFBIZUVqN3pDN2VXTnZMakJ2WGQxVVhjWGpjZmRZNDREYU9Ybm9pcmstOWc?oc=5
2024-09-19,01:17,採用強化ソリューションを提供するHaul,採用強化ソリューションを提供するHaulのプレシリーズAラウンドにおいて、シードラウンドにつづき追加出資 - PR TIMES,https://news.google.com/rss/articles/CBMiakFVX3lxTE9VcDNFeVRoUk9POGVlaXU0ZjZ2QWRYX0IxS3JRZ0pXQ01fOHNwVmZpbG5UUXdOY2MyT05ueFpYQjVOMXpCaWVKWnVoSFM5ZjNlSUN1RnVLRHRuOTFqRHRSamFKSkJxWjRxTVE?oc=5
2024-09-19,01:17,採用強化ソリューションを提供する株式会社,採用強化ソリューションを提供する株式会社Haul、5億円の資金調達を実施(累計調達額6.5億円) - 次世代型の採用イネーブルメントSaaS『RekMA』を正式ローンチ - PR TIMES,https://news.google.com/rss/articles/CBMiakFVX3lxTE14VFJVUXVwU29PUWtqcXdMZThSNWNOODlCcU12d2FiSjY0Nk9HY1B5U3BVUU5xVWJzdkh4azB6UDNGM3dCa256OGpoWVJ0dTFmZ1pfZS1pcGkwcXdsLTlTR05nNU5TcnFsTmc?oc=5
2024-09-19,01:13,琉球アルファドライブ、沖縄企業,琉球アルファドライブ、沖縄企業の経営多角化及び新規事業の計画策定支援を開始 - PR TIMES,https://news.google.com/rss/articles/CBMiakFVX3lxTE1DVTJvV2JGNWlGSVpJYVlxQjZ0QUs0ZkhGNVpzLUc3NFd3c0J0SEE1aWJNcDVXZHRvR1V6Q0FyVW9mMDNXNG45Smc2eHF6OTJSbkFsdjdYUWNOLUtkMmNiYktCOHBLdlZUakE?oc=5
2024-08-30,01:13,RIZAP、新規事業 RIZAPマーケテ,RIZAP、新規事業「RIZAPマーケティングコンサル」を開始 - 日本経済新聞,https://news.google.com/rss/articles/CBMibEFVX3lxTFB5bGFTU2doRzdfd2xVUngxaWxRVnkwX0JjcUZwUTZwZTBlZUFEem5faXlUaGdyV3BsU01mazNpUmdHekFqc1dKRko4cjNzZl9hcXk1d3NDTWhzbzJ6dkVTcWdGSFg0VzRXTTJhLQ?oc=5
2024-08-23,09:34,博士,博士の就職支援を強化、政府が企業向けに手引作成へ…採用ゼロの企業が７６・６％ - 読売新聞オンライン,https://news.google.com/rss/articles/CBMiZEFVX3lxTE5EN3BnMGlHdmlhUTd6RmZ5VnNTcW9mXy1lSG1NM25NZkVQZDNZSFV3b1h0WkpJaVN3a1JZWFVQYXlBS09oYjJtdlFMWkdiQUMxMFNLRjlCRzZrRTZtYU0yZVBvT0o?oc=5
2024-07-22,09:34,人手不足,「人手不足」の企業が6割、中途採用や職場改善を強化 100社調査 - 朝日新聞,https://news.google.com/rss/articles/CBMiZ0FVX3lxTE9XQjVqa3ZGWWd5TzdiMm5IMVJnLW9kWkczb0hGeVV3SV9uRFUzQUY4cnRMeTcxTWV6ZGdtcW42NllmdWNveGlBRHdvbXpjdDZCXzZjSzBqMjZvekNVMDE3RmV6aFdtTFU?oc=5
2024-07-17,01:13,AlphaDrive、新規事業に特化した,AlphaDrive、新規事業に特化した知的財産支援サービスの提供を開始 - PR TIMES,https://news.google.com/rss/articles/CBMiakFVX3lxTE43OGdnc0dBM1Rybk9uWHI2YkhORDhvNmJKZXFjS1lYeXV6dFJRclVITGc4VEt5OWFDSDVmUXJLcXFCTzg1SDFfZDFoUHh3RlNGeGFKc25xMV9HWmlka1VwR1NtX1lXTHN6bHc?oc=5
2024-07-09,01:13,JTB社内新規事業公募制度から事業化へい,JTB社内新規事業公募制度から事業化へいつもの場所が体験のステージになる！親子で楽しみながら学べる体験コンテンツ「OYACONET-QUEST®」のサービス開始｜ニュースルーム｜JTBグループサイト - jtbcorp.jp,https://news.google.com/rss/articles/CBMieEFVX3lxTE9pSTd4TkFmQVJPQnRHMnlzdURDUWUtUnFMeHh0cG1YSGU1dUpUay00Y1E1dXEtcnhNVzRyQ0NuQWc2R2dUaFRUYUc5UW9kSm04MVp3NmlFZHpnX0ViTWxpTkR2QVh6MVphWWduY0RYQndteFhPUFpQbg?oc=5
2024-07-04,09:38,M&Aによる採用を強化 プレックス、起業,【M&Aによる採用を強化】プレックス、起業家人材の採用を目的に、1人会社のM&A（企業買収）を実施 - Excite エキサイト,https://news.google.com/rss/articles/CBMic0FVX3lxTFBIVElqN3NLTzA2eG9xMEE1LVFKRnV6TV9HSGJVTUJ6ajVydldKZGJ1NkswNWZWamxFdlNBMVZIRVVPcXktODdoZHdfdzJkOTFmdV9Iel9UZ0RRcmRPcFFXQS1BWlkwQ24zYzdCQmNKSWotQTg?oc=5
2024-06-20,01:21,マクダーミッド・パフォーマンス・ソリュー,マクダーミッド・パフォーマンス・ソリューションズ・ジャパン、名古屋市内に新拠点を開設 | 2024年 - お知らせ - 対日投資 - jetro.go.jp,https://news.google.com/rss/articles/CBMidEFVX3lxTE9wXzdiY3IyZWtGUGFWM2JCT0FHM285a1Rzc3hBWGZHU0dFRF9KV1Y3djFGTklaTjdNNmVHcnZZb1dqOXZuOUVrZ0xTWFNvY0pVb1Q2YUZqMWppRHVOT1hFaE1UakZ4aFdqUzhCendCRjhkTFlJ?oc=5
2024-05-27,09:34,大手で中途採用強化、 新卒超え も相次ぐ,大手で中途採用強化、「新卒超え」も相次ぐ 企業は「選ばれる側」？ - 朝日新聞,https://news.google.com/rss/articles/CBMiZ0FVX3lxTE92Zkd2Q2RGcURLWXRkNFJvVVZzSmRxRnI3aWw1ZUpkUURrWnJqRksyNEdiX25XOGRHN1d5UEJpUDJvWDIwTUJXRkFsemgxdFVhcXlySmc2bjJWR0ozeGlER1lXVHFLTFE?oc=5
2024-05-27,09:34,中途採用を強化、大手もシフト メガバンク,中途採用を強化、大手もシフト メガバンク、新卒しのぐ勢い「人材多様化」 - 朝日新聞,https://news.google.com/rss/articles/CBMiXEFVX3lxTE55TWpiVEFmR21HR3FIS0JQcVJZSjQ1blBGdXBmVThaaDA0TzZaX1Vpd0diQnV4SXRyRHZRMGRxYUFoSURnQjB4RkF0amZTVWlpODRna1pqT0ZBaURp?oc=5
2024-05-22,01:13,“あったらいいなを超える”新規事業プロジ,「“あったらいいなを超える”新規事業プロジェクト」開始 | 株式会社セブン銀行 - Digital PR Platform,https://news.google.com/rss/articles/CBMiQkFVX3lxTFBwVmNlSVNQZS0wT0huZXBkakwzSGJqN200RG5kR2JTQ1htNTlvRWtfc214MGp3d09QcmU4NFpEd1BPUQ?oc=5
2024-05-19,01:13,新規事業開発・スタートアップ支援,新規事業開発・スタートアップ支援のビジネスプラットフォーム「FUTURE TALENT STUDIO」未来の起業家をサポートする2つのアイデア募集プログラムを開始。 - PR TIMES,https://news.google.com/rss/articles/CBMiakFVX3lxTE9hWUN4bGhoTHpibXJFT3VmajVoR0k3NzY4SWg1Y3RNN25UQnV1RHFnbjZmOHFWckYzanh6M05TTU0yU01URmFJM1ZSRzFFazRTdmlLMExmUUFCY1p4dlpoYnEtemFHem4ySWc?oc=5
2024-05-13,01:13,コーセー iPS細胞活用,【コーセー】iPS細胞活用の新規事業開始｜業界ニュース - hpc-news.co.jp,https://news.google.com/rss/articles/CBMiVkFVX3lxTE1uTDNuX2ZWV05MRVNnZ3QzczQ1T0x6S2lDUXlaemE4TGZ1RG9RajFDdXBDQ0JUWWlPVTRWTUxrN3c0QkVmZVA4blNfazJ6WXloTW44SGd3?oc=5
2024-04-10,01:13,令和6年度新規事業開始 金武町運動施設利,令和6年度新規事業開始 金武町運動施設利用料助成事業／金武町 Official Site - town.kin.okinawa.jp,https://news.google.com/rss/articles/CBMickFVX3lxTE8zWkhnbWRNSDlIbXNZQmxjUm1TcFBUVElrZkRkSFdkd2FLdEU3dFphTzVFLVB0SEJyZGVnSEYzd1B3dm5VQTBTcWh4R2NDTHNfcURTcHJkc1k1VXZzaTZUOW13bmtRT01KUVlBTjkzZjhPQQ?oc=5
2024-04-09,01:13,KPMGコンサルティング、製造業における,KPMGコンサルティング、製造業における新規事業開発活動の再生支援サービスの提供を開始 - KPMG,https://news.google.com/rss/articles/CBMiigFBVV95cUxONV9tTjRHR1ZHcUJ3Vy1PcGF1U2dOVFN1RFBiRkFfX1dFT1ZtYmRTTm5aYjluTmRfMGxGX19sTUZPSFR1enlaQXNQRmlrSms0Y3RNV1FSSWJTeURBLWVWRHdlMG1pVU9NdjVIOEtXZGYyc0NwRGZNUlFYc1hfeV96S1BTbDU1RGFOY2c?oc=5
2024-02-28,01:13,サステナブルな事業成長に寄与する新規事業,サステナブルな事業成長に寄与する新規事業・アクション案の創出を高速化 「Expert Idea 500 for SX」を提供開始 - dentsu.co.jp,https://news.google.com/rss/articles/CBMibEFVX3lxTFBjVHdOaDhrVU1ORTdiQXVBREJCX0liUkEzRFcwV09lNWFOUFhEazJvUTl3SF94YnBtSG83N3JMLXdPa2xNTEY3UTZubWc4ZWRZS0RZQl9OQkpQVGtOOXZYcGFFMWlKSmF6U3ZySQ?oc=5
2024-02-16,09:34,コンサルティング事業拡大に向けて大幅な採,コンサルティング事業拡大に向けて大幅な採用強化の一環として、メディア戦略の推進に着手 - PR TIMES,https://news.google.com/rss/articles/CBMiakFVX3lxTE42MTlRZjdnNHNjZHRyR3lXV1o2djN4emtOOEZfeEZUSDVPenVLOGtoWDBoc0tFRHNvUElYT3RudThDVnQ4MjZPOUhBdG1fZnBsUFE5WUl4eEpCc1lsbkxMX2dBODNUYWpiUEE?oc=5
2024-01-11,09:42,採用難易度,採用難易度がさらに上昇 企業は「選ばれる」時代に【主要人材コンサルティング会社アンケート「2024年 人材需要と採用の課題」】 - 日本人材ニュースONLINE,https://news.google.com/rss/articles/CBMiR0FVX3lxTE5pbDBQUTc5bFJXWjFUc01xUW1VbkJUcFIzTENIOVV5LWJCRGhzRXNDOEF4LUFfRzVkRnVBQ1hxVXRWdWdrLVZv?oc=5
2023-12-26,01:17,中途採用強化中 “転職組”,【中途採用強化中】“転職組”の研究員たちが、国立研究開発法人情報通信研究機構（NICT）を選んだワケ - 新R25 Media,https://news.google.com/rss/articles/CBMiakFVX3lxTE9sWUl0TWNQQjcwN2pIcWFmZEM3V09YY1ZWeTRsSDZMZ3dMVlZhU3lVNWFDRlJsS1hoa3RBS28xTkQwOC0zQ0QxV1hkMjJVQXc1RFE0ek1aY3d2RVVWQVNhSzVua3NfbXNJX2c?oc=5
2023-11-29,09:34,奨学金を“肩代わり”して求心力アップ↑ ,奨学金を“肩代わり”して求心力アップ↑「新卒採用」強化のため企業が最大１８０万円を負担 - RKB毎日放送,https://news.google.com/rss/articles/CBMiV0FVX3lxTE1fX3AzX2daRHA5VUdrQkUxS1VEOUxIQWYxYkNJaFNzR05tUi1rX09CLWlVMkluQ2lZR3NrcHQySjJ5Q0x1ajlCRW5ycm04ZU4tY1ZldWxsaw?oc=5
2023-11-29,01:17,中途採用強化中 国立研究開発法人情報通信,【中途採用強化中】国立研究開発法人情報通信研究機構（NICT）の「女性初の研究所長」に働きがいを聞いた - 新R25 Media,https://news.google.com/rss/articles/CBMiakFVX3lxTFBNM19HdEdFeDJQSnhZMzBMNXJVdFhidWxMaUotWHR1Ul9LNDdGT1RCVmtrc2JRVlpiUE1vUTh0ekNjOGEyTmdCUHFQM3V4ZUFXT2pCVi1OUWdKcFdfSGU1YzJNUFBQLXZHZmc?oc=5
2023-10-19,09:34,対面販売企業,【対面販売企業の人材採用＆活用】 日本トリム／「初めての売上は一生もの」／四つの要素を持った営業人材の採用強化（2023年10月19日号） - 日流ウェブ,https://news.google.com/rss/articles/CBMiVkFVX3lxTFB6SWJObnhkcjNwaEZidE9VdlJUMXllcUZfVmF2U1ROMW9hOTI1bzNfcjV0SEhRVGZGOUVLVW9xRlR6NEVRV2IwTGF5RDZ0UGJaX1FQOVRR?oc=5
2023-07-24,09:34,県内企業、〝金,県内企業、〝金の卵〟の高卒採用強化 人手不足、求人倍率最高に ミスマッチの解消課題 - 熊本日日新聞社,https://news.google.com/rss/articles/CBMiT0FVX3lxTE4weDZhNDBmS3dtVFhubUZlQ3NCZG1oTzhvTFA3VnNmaFRBSlZEN3IyUjE0Q2RiTWRNMTBfVnpGYW1ZVEVBUnQyZlhudHhxaHc?oc=5
2023-06-23,01:13,KPMGコンサルティング、デジタルを活用,KPMGコンサルティング、デジタルを活用した新規事業の創出・自走化支援サービスの提供を開始 - KPMG,https://news.google.com/rss/articles/CBMidEFVX3lxTE0weE5xUmw1UVZEUE9sQ1gyd2tQNzhVOGpyVGdvU3VyYndPU0FqYkh5eUpVUFVjNDJSTWYwX2JaXzJCemZKSy1jRHE5RVZ4b25kTEtCNkVvd0pCVTB3N2x5XzQ1X3QtYlVrZjI4OU5EZy01S0ND?oc=5
2023-05-19,09:38,企業イメージ高め若手,企業イメージ高め若手の採用強化 栃木の小沢製作所 - 日本経済新聞,https://news.google.com/rss/articles/CBMibEFVX3lxTE1tNVo2MExDRWFKby1rNFdmRVVFWWY1bVExNzNBcDBlZTVNZmRXX3l0Z2RxZXphUVNhbndOWUE5dnFSMXg5WTc0WF8yWEN3R0pIRmdLT253dmRJd29LM21MUFByOU14TnFJcHFSTA?oc=5
2023-04-09,09:34,採用強化したい法人向けリクルートサイト制,採用強化したい法人向けリクルートサイト制作サービスを始動 - PR TIMES,https://news.google.com/rss/articles/CBMiakFVX3lxTE1YVkNLQW5hdEw0RTBURm1UVkJJN1lxSk53VnNiVUlGMlg4eUZ6a3otRzNCUllCd3prUV9Kdkl2ZURJMzZLSU5IVGRmYWxvZXUyTlNqQTZXU0NncU5jRkxVWU1IbUJRdkROdHc?oc=5
2023-04-09,09:34,採用強化したい法人向けリクルートサイト制,採用強化したい法人向けリクルートサイト制作サービスを始動 - ニコニコニュース,https://news.google.com/rss/articles/CBMiZkFVX3lxTFAyOTcxd25DRmhucDhKRHkyTHlMWmUydWJpMnRrRXNLVlBON2w0bGt2Rkd5SlZPSGxDYkZnWjZKa3FNT085ZDlMWWVmWGRWTzY2dGNEb1Q2UkxEcUtlMnIyNWM5MkE0dw?oc=5
2023-02-28,01:13,新規事業,新規事業の創出課題が専門化・多様化する中、あらゆる業種の「５つの領域」で経営戦略の策定から経営オペレーションの実行までを一気通貫で支援。「新規事業開発支援コンサルティング」提供開始 - PR TIMES,https://news.google.com/rss/articles/CBMiakFVX3lxTE15akxSNlJXNGJfc3cySUZoWXVQSXZzQlBDR1pibTV5cTN6Y2ZncVk3bmx4T1BZamd0ZlRFYUhOX2ktby1jOUl3aGxlbWw0S0thT0w0UERLQnpQZ1lZQzVjXzFJX3NvSm1Fa1E?oc=5
2022-11-17,09:34,グッドパッチ、新規事業,グッドパッチ、新規事業の事業性評価プログラム 「BusinessDesign Review」の提供を開始 - PR TIMES,https://news.google.com/rss/articles/CBMiakFVX3lxTE1kTGUzM0NFUXNfT2FrTWlhRWJnZUpnUW9Va3lWRkQ5MHk1a1pLRWtvRF8zRHJ0czRXR1RJbm93aGpDVEdXWVJtYUFSQU0teGFId28weWVUVGpTRVc0R0JVMHd2aDNjLW5uVmc?oc=5
2022-11-02,09:34,大手コンサル 製薬 に注力…環境変化でニ,大手コンサル「製薬」に注力…環境変化でニーズ拡大、事業会社から採用強化 - answers.and-pro.jp,https://news.google.com/rss/articles/CBMiV0FVX3lxTE1TNGQ5ZXZjQm55d254RlcwMXQwdVZxaEthc0xmOTdDMnZ3XzhlMWlYb2s1SUxyUThjWHhCc0wwdTFTVUt6NzNOT29lZUZtVFZxQW82Ml9nOA?oc=5
2022-08-30,09:42,飲食店,飲食店の「人手不足」解消に。採用強化に成功した４企業の取り組み - 飲食店ドットコム,https://news.google.com/rss/articles/CBMiY0FVX3lxTFB4U29Ob0htcm9tUFBiekladE5UOU1jZWtrUHZ4SFJ0cVBKckRCV0ZGSFR3dWliWDh5SUZ4aFJua010RjdSRWZYSjk4T0xHOXBsNHVxWWhGczViWTJ6ZXo2RG1RWQ?oc=5
2022-08-30,09:34,飲食店,飲食店の「人手不足」解消に。採用強化に成功した４企業の取り組み - 飲食店ドットコム,https://news.google.com/rss/articles/CBMiXEFVX3lxTFA4Q1NfaHk3VWxkR3ZiUEVGajAyUk90ZlJHZmhobE5YQjZXVWtWcjdSRFMzd3RFZURxU1JGRFN4bk9ibU1lZUxIaXUtWnRqN0dYV3ROak9YeW1ybElt?oc=5
2022-07-27,01:17,DX潮流で｢組織変更→採用強化｣Sler,DX潮流で｢組織変更→採用強化｣Slerの行方 新組織長が語る､柔軟･迅速な組織づくりの狙い | JSOL - 東洋経済オンライン,https://news.google.com/rss/articles/CBMiUkFVX3lxTE1zYjd0WlF4OGxFRVhWUHc3ajg3b0p2Y09tTXM5N1ozbEdYVFRmXzVjQ3piUHlDWFNWWDBtVk1wel9icGY4RkkzUnBPQVlrdUVwblE?oc=5
2022-05-19,09:34,事業共創カンパニー,"事業共創カンパニーのRelic、社内起業・企業内新規事業を楽しみながら体験・学習できる""業界初""のボードゲーム「イントレプレナー・オンボーディング」を提供開始 | 株式会社Relicのプレスリリース - PR TIMES",https://news.google.com/rss/articles/CBMiakFVX3lxTE1HbjZvTHE0ZWo2TjVJZGl6Z0gydzVCaTFGd0dhbWd5N0xINTBBclQ3TDBIS1lOcFpId21qd1JRT2M0enhpVDZFNDdLOFE2OHcwTW0wWVdxa1BxdThWd1FqVlJORkpBNklSdWc?oc=5
2022-02-17,01:13,ボーダレス・ジャパン,ボーダレス・ジャパンが民間企業向けに、新規事業立ち上げ人材育成プログラム「ゼロイチ出向」を提供開始 - PR TIMES,https://news.google.com/rss/articles/CBMiakFVX3lxTE9CandyV0FpYS1UUE9pTXcwLXlQT2ZXVjRVeUlzWDFXZWsyRVM3VFJXNWF0ZERsdlFPWDdaODlidmZpLWJ5UmVYS3NQVHBBbWxnYVBLM1ZLb1M1ZnVXZ2pWMEhsenp6ZGdrdnc?oc=5
2021-10-08,09:34,ファイブグループ,ファイブグループが、10月19日開催の採用強化事例を紹介するTake Action社主催のセミナーに登壇決定！飲食企業ならではの「アルバイトスタッフに向けた従業員エンゲージメント向上施策」をテーマに。 - PR TIMES,https://news.google.com/rss/articles/CBMiakFVX3lxTE83dXBJY3NWWnFnN2tRNDc3TFQzb1ZZVkVfY29hdHlEMWtkY2FDZWFaaTQ2ZU92X2hOMnU2Ni1tcXgzQThMaVJ2RHlXd1B2dkJaSVhLTy1peHNKWHBZbjAyYzJHVV8tV2Z5RHc?oc=5
2021-09-14,09:38,累計調達額1.1億円 DIGLE MAG,【累計調達額1.1億円】DIGLE MAGAZINE、B.O.M運営の音楽テック企業がセレスより資金調達を実施、採用強化中 - PR TIMES,https://news.google.com/rss/articles/CBMiakFVX3lxTE00STRZNjczM3RjUVBNWlE1ZXh3WnNsN0J4akE3MEM5aXFiVmh4Y3d6dm1udVF3NlM0XzJnMm1kcGN4S3NuZmZRRWZHU0c1SDl3eVJFczM0NmFaUEFnbWpIdnl1bzBWcDlYWWc?oc=5
2021-08-13,01:13,大手企業と,大手企業とのJVによる新規事業共創を本格開始 「Hakuhodo JV Studio」プログラムを設置して推進 ｜ニュースリリース｜博報堂 HAKUHODO Inc. - hakuhodo.co.jp,https://news.google.com/rss/articles/CBMiX0FVX3lxTFAxaHl2WmFLYW92Nm1HTy1QakdjUU51UEpWdnBRWlRzQl9waVFVcnFYdlRSVHVfampqQkNTS2pycmtXWGNVdkY5LXlTbk5oQ1ltd2ZoV0dtVUVGS2tWdUxZ?oc=5
2020-10-19,01:13,パソナJOB HUB 『新規事業支援サー,パソナJOB HUB 『新規事業支援サービス』10月19日開始～新規事業領域におけるプロフェッショナル人材の知見・ノウハウを提供～ - PR TIMES,https://news.google.com/rss/articles/CBMiakFVX3lxTFBKWUVnTXdlMWtpWU1EYS1xNGtYRHdxUGhUeWN0WTY4OWpEbUFueTY3Q0VhWjBPSFhCeFh6N2pMUk4wSTJhY2ZpdTFzeWNpSFBnemF0LURXbEh6TWZpdHR0a1luU3FXQk5iSlE?oc=5
2019-10-08,09:34,共感＝働きたい理由 を世,「共感＝働きたい理由」を世の中に発信！ 人材強化・人材不足に、企業ブランディングで取り組む 「採用強化リブランディング」本格スタート - newscast.jp,https://news.google.com/rss/articles/CBMiTkFVX3lxTE9ncUxxOXQ1aWJvZS1Mam8zQTVSbk1RYnd1SkZaS0huc1NYTUd1N0RISC1ERmhTUXFFenJmSk5YTE1iVUV4V1JzaEdzUU1xZw?oc=5
2019-08-28,09:34,〜100年企業、リファラル採用で多様な人,〜100年企業、リファラル採用で多様な人材採用強化〜株式会社荏原製作所、新卒/中途採用で「Refcome」導入を開始 - PR TIMES,https://news.google.com/rss/articles/CBMiakFVX3lxTE1IU3pQbWJ1Si1rb3V0NGF1QVUyamt5TkF1UzZGY1JkZVpKVzFZOGF2U0VWanhuQkN4NG1mb3JYdlgxQU1zSFNNQWdnTHJTYVFzekplb3A1UXBBdWx3UmxKdXc2NmlDb0hscVE?oc=5
2019-03-06,09:34,外国人労働者と幸せに働くために、採用強化,外国人労働者と幸せに働くために、採用強化へ取り組む中小企業と技能実習生の実態（前編） - BATONZ（バトンズ）,https://news.google.com/rss/articles/CBMiQ0FVX3lxTFA4QUtJZEplZ01QZGk4YndDeURDUHpRd0FKOXl1ZExkSEJLSVRHVXYtb3BpejZhVWNjZk1EMV9vd1ZLbm8?oc=5
2018-12-12,09:34,ヒューマンリソシア IT人材採用強化でル,ヒューマンリソシア IT人材採用強化でルーマニアのコンサル企業・WISE社と業務提携 - PR TIMES,https://news.google.com/rss/articles/CBMiakFVX3lxTE8zOXh6M1RYR2o2S2M1S2UyNmgtTjlfWTVrSHVVcF9Ja21hRUJ2dU1FYldib2FyblFXRmRmWG5XeVNzZExrT0hITkFvLWhxVTlfV3Z5SEtZcUhJeThXTUFOS3hESnNVMGpZU1E?oc=5
